index,filename,avg_dna_damage_foci/glia_+,avg_dna_damage_foci/glia_+_damage_+,avg_dna_damage_foci/all_nuclei,avg_dna_damage_foci/all_nuclei_damage_+,nr_+_dna_damage_glia_nuclei,nr_-_dna_damage_glia_nuclei,nr_glia_+_nuclei,nr_total_nuclei,%_dna_damage_signal,%_glia+_signal,tissue_location,staining_id,animal_id,sex,genotype,dna_damage_stain_quality_manual,glia_stain_quality_auto,dna_damage_stain_quality_auto,staining_qc_passed
0,DSB Iba1 16_40X_CA1,0.6785714285714286,1.5405405405405406,0.8888888888888888,1.8144329896907216,74,94,168,198,1.0966300964355469,88.63372802734375,CA1,16,887,male,APP/PS1,poor,suboptimal,optimal,False
1,DSB Iba1 16_40X_CA3,3.0,3.2777777777777777,4.311475409836065,4.508571428571429,162,15,177,183,18.227672576904297,96.34952545166016,CA3,16,887,male,APP/PS1,poor,suboptimal,suboptimal,False
2,DSB Iba1 16_40X_CTX1,1.1020408163265305,2.16,0.7325102880658436,1.873684210526316,25,24,49,243,0.8442878723144531,13.59844207763672,CTX1,16,887,male,APP/PS1,poor,optimal,optimal,False
3,DSB Iba1 16_40X_CTX2,1.8291666666666664,1.908695652173913,2.698795180722892,2.7540983606557377,230,10,240,249,39.40544128417969,94.93074417114258,CTX2,16,887,male,APP/PS1,poor,suboptimal,suboptimal,False
4,DSB Iba1 16_40X_CTX3,1.7246376811594204,1.874015748031496,2.0358744394618835,2.3045685279187818,127,11,138,223,9.070396423339844,54.76894378662109,CTX3,16,887,male,APP/PS1,poor,suboptimal,optimal,False
5,DSB Iba1 16_40X_DG,0.8357487922705314,1.6476190476190475,0.9907834101382488,1.7916666666666667,105,102,207,217,1.1308670043945312,87.15362548828125,DG,16,887,male,APP/PS1,poor,suboptimal,optimal,False
6,DSB Iba1 17_40X_CA1,1.5454545454545454,2.4285714285714284,2.832258064516129,3.850877192982456,7,4,11,155,2.456283569335937,5.763816833496094,CA1,17,892,female,APP/PS1,poor,optimal,optimal,False
7,DSB Iba1 17_40X_CA3,1.2083333333333333,1.9333333333333331,3.842696629213483,4.75,15,9,24,178,5.110073089599609,6.432056427001953,CA3,17,892,female,APP/PS1,poor,optimal,optimal,False
8,DSB Iba1 17_40X_CTX1,2.0,2.333333333333333,1.384297520661157,2.2333333333333334,18,3,21,242,1.3278961181640625,2.645301818847656,CTX1,17,892,female,APP/PS1,poor,optimal,optimal,False
9,DSB Iba1 17_40X_CTX2,2.7413793103448274,2.890909090909091,3.068592057761733,3.1954887218045114,55,3,58,277,29.74271774291992,11.802101135253906,CTX2,17,892,female,APP/PS1,poor,optimal,suboptimal,False
10,DSB Iba1 17_40X_CTX3,2.25,2.25,3.398876404494382,3.6666666666666665,40,0,40,178,18.192768096923828,9.359455108642578,CTX3,17,892,female,APP/PS1,poor,optimal,suboptimal,False
11,DSB Iba1 17_40X_DG,3.2333333333333334,3.779220779220779,3.4110169491525424,4.086294416243655,77,13,90,236,5.62286376953125,44.40708160400391,DG,17,892,female,APP/PS1,poor,suboptimal,optimal,False
12,DSB Iba1 18_40X_CA1,1.75,1.75,2.353846153846154,2.353846153846154,20,0,20,130,71.99668884277344,10.935688018798828,CA1,18,231,male,APP/PS1 x Neil3 KO,poor,optimal,suboptimal,False
13,DSB Iba1 18_40X_CA3,2.0,2.0,3.9157894736842103,4.0,19,0,19,95,36.4354133605957,7.825183868408203,CA3,18,231,male,APP/PS1 x Neil3 KO,poor,optimal,suboptimal,False
14,DSB Iba1 18_40X_CTX1,2.0416666666666665,2.7222222222222223,1.9504504504504503,3.027972027972028,18,6,24,222,3.354072570800781,3.196430206298828,CTX1,18,231,male,APP/PS1 x Neil3 KO,poor,optimal,optimal,False
15,DSB Iba1 18_40X_CTX2,2.9130434782608696,3.0454545454545454,3.5133079847908744,3.725806451612903,22,1,23,263,40.91596603393555,5.939960479736328,CTX2,18,231,male,APP/PS1 x Neil3 KO,poor,optimal,suboptimal,False
16,DSB Iba1 18_40X_CTX3,3.0,3.4,2.953333333333333,3.661157024793389,15,2,17,150,18.92385482788086,1.9624710083007808,CTX3,18,231,male,APP/PS1 x Neil3 KO,poor,optimal,suboptimal,False
17,DSB Iba1 18_40X_DG,1.0975609756097562,1.0975609756097562,1.4715909090909092,1.4715909090909092,82,0,82,176,83.64906311035156,53.77206802368164,DG,18,231,male,APP/PS1 x Neil3 KO,poor,suboptimal,suboptimal,False
18,DSB Iba1 19_40X_CA1,1.0,1.0,1.0,1.0,47,0,47,47,99.50284957885742,97.84984588623048,CA1,19,154,female,APP/PS1 x Neil3 KO,poor,suboptimal,suboptimal,False
19,DSB Iba1 19_40X_CA3,1.0,1.0,1.0,1.0,45,0,44,45,99.35731887817384,98.4278678894043,CA3,19,154,female,APP/PS1 x Neil3 KO,poor,suboptimal,suboptimal,False
20,DSB Iba1 19_40X_CTX1,1.0,1.0,1.0,1.0,130,0,130,130,99.45621490478516,98.5675811767578,CTX1,19,154,female,APP/PS1 x Neil3 KO,poor,suboptimal,suboptimal,False
21,DSB Iba1 19_40X_CTX2,1.0,1.0,1.0,1.0,46,0,46,53,97.04084396362305,92.62237548828124,CTX2,19,154,female,APP/PS1 x Neil3 KO,poor,suboptimal,suboptimal,False
22,DSB Iba1 19_40X_CTX3,1.0,1.0,1.0,1.0,73,0,73,82,98.70357513427734,87.97607421875,CTX3,19,154,female,APP/PS1 x Neil3 KO,poor,suboptimal,suboptimal,False
23,DSB Iba1 19_40X_DG,1.0,1.0,1.0,1.0,63,0,63,63,99.53365325927734,97.98297882080078,DG,19,154,female,APP/PS1 x Neil3 KO,poor,suboptimal,suboptimal,False
24,DSB Iba1 20_40X_CA1,1.0,1.6,0.7202797202797203,1.3205128205128205,5,3,8,143,0.7762908935546875,1.447296142578125,CA1,20,1887,male,APP/PS1 x Neil3 KO,good,optimal,optimal,True
25,DSB Iba1 20_40X_CA3,1.3,1.8571428571428568,1.2892561983471074,2.0259740259740258,7,3,10,121,1.1053085327148438,1.717853546142578,CA3,20,1887,male,APP/PS1 x Neil3 KO,good,optimal,optimal,True
26,DSB Iba1 20_40X_CTX1,1.5,2.4,0.5604395604395604,1.2439024390243902,5,3,8,182,0.4868507385253906,0.8257865905761719,CTX1,20,1887,male,APP/PS1 x Neil3 KO,good,optimal,optimal,True
27,DSB Iba1 20_40X_CTX2,1.9411764705882355,2.357142857142857,1.0943396226415094,1.6893203883495145,14,3,17,159,0.9496688842773438,2.0682334899902344,CTX2,20,1887,male,APP/PS1 x Neil3 KO,good,optimal,optimal,True
28,DSB Iba1 20_40X_CTX3,0.6666666666666666,2.0,0.5754716981132075,1.2448979591836735,1,2,3,106,0.5314826965332031,0.5598068237304688,CTX3,20,1887,male,APP/PS1 x Neil3 KO,good,optimal,optimal,True
29,DSB Iba1 20_40X_DG,1.1666666666666667,1.75,1.5927272727272728,1.825,4,2,6,274,2.3174285888671875,2.923774719238281,DG,20,1887,male,APP/PS1 x Neil3 KO,good,optimal,optimal,True
30,DSB Iba1 21_40X_CA1,1.0,1.5714285714285714,0.8888888888888888,1.3043478260869563,7,4,11,135,0.7778167724609375,2.5424957275390625,CA1,21,1891,female,APP/PS1 x Neil3 KO,good,optimal,optimal,True
31,DSB Iba1 21_40X_CA3,0.6,1.0,0.9469026548672568,1.7258064516129032,3,2,5,113,0.7436752319335938,1.3544082641601562,CA3,21,1891,female,APP/PS1 x Neil3 KO,good,optimal,optimal,True
32,DSB Iba1 21_40X_CTX1,1.4090909090909092,2.2142857142857144,0.702020202020202,1.3627450980392155,14,8,22,198,0.9168624877929688,3.311634063720703,CTX1,21,1891,female,APP/PS1 x Neil3 KO,good,optimal,optimal,True
33,DSB Iba1 21_40X_CTX2,1.25,1.5384615384615383,0.7361702127659574,1.3515625,13,3,16,235,1.0347366333007812,3.338623046875,CTX2,21,1891,female,APP/PS1 x Neil3 KO,good,optimal,optimal,True
34,DSB Iba1 21_40X_CTX3,1.7142857142857142,2.0869565217391304,1.1076923076923078,2.0970873786407767,23,5,28,195,1.0148048400878906,4.697036743164063,CTX3,21,1891,female,APP/PS1 x Neil3 KO,good,optimal,optimal,True
35,DSB Iba1 21_40X_DG,1.1111111111111112,1.5384615384615383,1.354014598540146,1.6488888888888888,13,5,18,274,2.2064208984375,3.5135269165039062,DG,21,1891,female,APP/PS1 x Neil3 KO,good,optimal,optimal,True
36,DSB Iba1 22_40X_CA1,1.3888888888888888,2.083333333333333,1.4,2.0505050505050506,12,6,18,145,1.2415885925292969,6.178569793701172,CA1,22,2041,female,APP/PS1,good,optimal,optimal,True
37,DSB Iba1 22_40X_CA3,1.5714285714285714,1.8333333333333333,1.2790697674418603,2.1153846153846154,6,1,7,129,1.2543678283691406,3.7606239318847656,CA3,22,2041,female,APP/PS1,good,optimal,optimal,True
38,DSB Iba1 22_40X_CTX1,1.6923076923076923,2.75,1.318181818181818,2.071428571428572,8,5,13,242,1.403045654296875,3.637123107910156,CTX1,22,2041,female,APP/PS1,good,optimal,optimal,True
39,DSB Iba1 22_40X_CTX2,1.0,2.111111111111111,1.0823529411764703,2.0597014925373136,9,10,19,255,1.3582229614257812,4.0191650390625,CTX2,22,2041,female,APP/PS1,good,optimal,optimal,True
40,DSB Iba1 22_40X_CTX3,1.0909090909090908,1.7142857142857142,0.4277108433734939,1.339622641509434,7,4,11,166,0.2514839172363281,0.730133056640625,CTX3,22,2041,female,APP/PS1,good,optimal,optimal,True
41,DSB Iba1 22_40X_DG,1.3333333333333333,1.7142857142857142,1.8566978193146415,2.120996441281138,14,4,18,321,3.1919479370117188,5.748558044433594,DG,22,2041,female,APP/PS1,good,optimal,optimal,True
42,DSB Iba1 23_40X_CA1,0.7142857142857143,1.6666666666666667,0.7054263565891473,1.338235294117647,3,4,7,129,0.5928993225097656,4.248046875,CA1,23,2042,male,APP/PS1,good,optimal,optimal,True
43,DSB Iba1 23_40X_CA3,1.0,1.75,0.7087378640776699,1.5208333333333333,4,3,7,103,0.531768798828125,2.08120346069336,CA3,23,2042,male,APP/PS1,good,optimal,optimal,True
44,DSB Iba1 23_40X_CTX1,0.5357142857142857,1.25,0.4130434782608695,1.1343283582089552,12,16,28,184,0.4361152648925781,5.792427062988281,CTX1,23,2042,male,APP/PS1,good,optimal,optimal,True
45,DSB Iba1 23_40X_CTX2,0.0,,0.0971428571428571,1.1333333333333333,0,5,5,175,0.0720024108886718,0.7174491882324219,CTX2,23,2042,male,APP/PS1,good,optimal,optimal,True
46,DSB Iba1 23_40X_CTX3,0.8125,1.3,0.841726618705036,1.4625,10,6,16,139,0.6974220275878906,2.988147735595703,CTX3,23,2042,male,APP/PS1,good,optimal,optimal,True
47,DSB Iba1 23_40X_DG,1.0,1.8571428571428568,1.205298013245033,1.5294117647058822,7,6,13,300,1.8776893615722656,7.934856414794922,DG,23,2042,male,APP/PS1,good,optimal,optimal,True
48,DSB Iba1 24_40X_CA1,0.0,,0.6234567901234568,1.6031746031746033,0,9,9,162,0.4246711730957031,0.7791519165039062,CA1,24,887,male,APP/PS1,good,optimal,optimal,True
49,DSB Iba1 24_40X_CA3,0.25,1.0,0.5803571428571429,1.3829787234042554,1,3,4,112,0.2900123596191406,0.9073257446289062,CA3,24,887,male,APP/PS1,good,optimal,optimal,True
50,DSB Iba1 24_40X_CTX1,0.0,,0.2386363636363636,1.2727272727272727,0,22,22,176,0.2356529235839843,1.7583847045898438,CTX1,24,887,male,APP/PS1,good,optimal,optimal,True
51,DSB Iba1 24_40X_CTX2,0.4482758620689655,1.3,0.46484375,1.3522727272727273,10,19,29,256,0.5938529968261719,3.3802032470703125,CTX2,24,887,male,APP/PS1,good,optimal,optimal,True
52,DSB Iba1 24_40X_CTX3,0.1,1.0,0.5373134328358209,1.7704918032786885,2,18,20,201,0.5388259887695312,1.4982223510742188,CTX3,24,887,male,APP/PS1,good,optimal,optimal,True
53,DSB Iba1 24_40X_DG,0.0,,0.1633663366336633,1.2692307692307692,0,7,7,202,0.1180648803710937,0.8672714233398438,DG,24,887,male,APP/PS1,good,optimal,optimal,True
54,DSB Iba1 25_40X_CA1,1.0,1.5714285714285714,1.5838926174496644,2.185185185185185,7,4,11,149,1.3138771057128906,3.17068099975586,CA1,25,2014,male,APP/PS1,good,optimal,optimal,True
55,DSB Iba1 25_40X_CA3,1.0666666666666669,1.6,1.7724137931034485,2.8241758241758244,10,5,15,145,2.0705223083496094,2.813243865966797,CA3,25,2014,male,APP/PS1,good,optimal,optimal,True
56,DSB Iba1 25_40X_CTX1,0.6363636363636364,1.2727272727272727,0.583941605839416,1.2307692307692308,11,11,22,137,0.565338134765625,3.438568115234375,CTX1,25,2014,male,APP/PS1,good,optimal,optimal,True
57,DSB Iba1 25_40X_CTX2,1.3928571428571428,2.294117647058824,1.766839378238342,2.623076923076923,17,11,28,193,1.6091346740722656,6.374835968017578,CTX2,25,2014,male,APP/PS1,good,optimal,optimal,True
58,DSB Iba1 25_40X_CTX3,2.1538461538461537,2.8,2.009523809523809,2.813333333333333,10,3,13,210,1.6841888427734375,2.7411460876464844,CTX3,25,2014,male,APP/PS1,good,optimal,optimal,True
59,DSB Iba1 25_40X_DG,2.066666666666667,2.3846153846153846,2.248407643312102,2.4599303135888504,13,2,15,314,4.139518737792969,3.351020812988281,DG,25,2014,male,APP/PS1,good,optimal,optimal,True
60,DSB Iba1 26_40X_CA1,1.9285714285714288,2.076923076923077,3.1122448979591835,3.546511627906977,13,1,14,98,7.658481597900391,5.84564208984375,CA1,26,231,male,APP/PS1 x Neil3 KO,poor,optimal,optimal,False
61,DSB Iba1 26_40X_CA3,4.285714285714286,4.285714285714286,4.346153846153846,4.708333333333333,7,0,7,52,14.291000366210938,6.870269775390625,CA3,26,231,male,APP/PS1 x Neil3 KO,poor,optimal,optimal,False
62,DSB Iba1 26_40X_CTX1,1.5555555555555556,1.6470588235294117,2.8,2.826923076923077,17,1,18,105,48.14224243164063,11.133575439453123,CTX1,26,231,male,APP/PS1 x Neil3 KO,poor,optimal,suboptimal,False
63,DSB Iba1 26_40X_CTX2,1.8421052631578947,1.8421052631578947,2.663265306122449,2.663265306122449,19,0,19,98,50.63896179199219,13.045120239257812,CTX2,26,231,male,APP/PS1 x Neil3 KO,poor,optimal,suboptimal,False
64,DSB Iba1 26_40X_CTX3,1.6341463414634143,1.7179487179487178,2.305555555555556,2.3271028037383177,39,2,41,108,60.15052795410156,27.424240112304688,CTX3,26,231,male,APP/PS1 x Neil3 KO,poor,suboptimal,suboptimal,False
65,DSB Iba1 26_40X_DG,3.533333333333333,4.076923076923077,3.785234899328859,4.147058823529412,13,2,15,149,15.996170043945312,7.449054718017578,DG,26,231,male,APP/PS1 x Neil3 KO,poor,optimal,optimal,False
66,DSB Iba1 27_40X_DG,1.6666666666666667,1.6666666666666667,2.12,2.25531914893617,9,0,9,100,37.166595458984375,1.7447471618652344,DG,27,147,female,APP/PS1,poor,optimal,suboptimal,False
67,DSB Iba1 28_40X_CA1,0.3333333333333333,1.0,1.1587301587301588,1.697674418604651,1,2,3,63,1.17950439453125,2.5665283203125,CA1,28,1887,male,APP/PS1 x Neil3 KO,good,optimal,optimal,True
68,DSB Iba1 28_40X_CA3,0.5,1.0,0.6133333333333333,1.3529411764705883,2,2,4,75,1.036834716796875,2.448272705078125,CA3,28,1887,male,APP/PS1 x Neil3 KO,good,optimal,optimal,True
69,DSB Iba1 28_40X_CTX1,0.4285714285714285,1.5,0.7339449541284404,1.509433962264151,2,5,7,109,1.6277313232421875,3.2138824462890625,CTX1,28,1887,male,APP/PS1 x Neil3 KO,good,optimal,optimal,True
70,DSB Iba1 28_40X_CTX2,0.7058823529411765,1.7142857142857142,0.92018779342723,1.96,7,10,17,213,0.6724357604980469,2.5005340576171875,CTX2,28,1887,male,APP/PS1 x Neil3 KO,good,optimal,optimal,True
71,DSB Iba1 28_40X_CTX3,0.9166666666666666,1.2222222222222223,1.2710280373831775,1.8630136986301369,9,3,12,214,0.9607315063476562,2.412891387939453,CTX3,28,1887,male,APP/PS1 x Neil3 KO,good,optimal,optimal,True
72,DSB Iba1 28_40X_DG,2.375,2.85,2.749034749034749,2.991596638655462,20,4,24,259,4.607105255126953,7.0148468017578125,DG,28,1887,male,APP/PS1 x Neil3 KO,good,optimal,optimal,True
73,DSB Iba1 29_40X_CA1,1.4444444444444444,1.8571428571428568,0.8059701492537313,1.3170731707317074,7,2,9,134,0.8039474487304688,2.208709716796875,CA1,29,1891,female,APP/PS1 x Neil3 KO,good,optimal,optimal,True
74,DSB Iba1 29_40X_CA3,0.8333333333333334,1.25,0.6416666666666667,1.4,4,2,6,120,0.6873130798339844,1.9129753112792969,CA3,29,1891,female,APP/PS1 x Neil3 KO,good,optimal,optimal,True
75,DSB Iba1 29_40X_CTX1,1.0,1.7692307692307692,0.8080808080808081,1.509433962264151,13,10,23,198,0.9842872619628906,5.022335052490234,CTX1,29,1891,female,APP/PS1 x Neil3 KO,good,optimal,optimal,True
76,DSB Iba1 29_40X_CTX2,1.2962962962962965,1.9444444444444444,1.1959798994974875,1.7246376811594204,18,9,27,199,1.365375518798828,7.678985595703125,CTX2,29,1891,female,APP/PS1 x Neil3 KO,good,optimal,optimal,True
77,DSB Iba1 29_40X_CTX3,1.0714285714285714,1.3636363636363635,0.6011560693641619,1.3333333333333333,11,3,14,173,0.4662513732910156,3.7689208984375,CTX3,29,1891,female,APP/PS1 x Neil3 KO,good,optimal,optimal,True
78,DSB Iba1 29_40X_DG,0.75,1.5,1.207142857142857,1.5868544600938967,4,4,8,280,2.083301544189453,2.2146224975585938,DG,29,1891,female,APP/PS1 x Neil3 KO,good,optimal,optimal,True
79,DSB Iba1 30_40X_CA1,0.0,,0.5572519083969466,1.351851851851852,0,10,10,131,0.4213333129882812,1.6625404357910156,CA1,30,2041,female,APP/PS1,good,optimal,optimal,True
80,DSB Iba1 30_40X_CA3,1.1666666666666667,1.75,0.7980769230769231,1.537037037037037,4,2,6,104,0.7200241088867188,1.3019561767578125,CA3,30,2041,female,APP/PS1,good,optimal,optimal,True
81,DSB Iba1 30_40X_CTX1,1.0,2.1,0.4766355140186916,1.2439024390243902,10,11,21,214,0.4976272583007812,2.780723571777344,CTX1,30,2041,female,APP/PS1,good,optimal,optimal,True
82,DSB Iba1 30_40X_CTX2,0.5238095238095238,1.5714285714285714,0.569620253164557,1.3235294117647058,7,14,21,237,0.5642890930175781,2.3637771606445312,CTX2,30,2041,female,APP/PS1,good,optimal,optimal,True
83,DSB Iba1 30_40X_CTX3,0.7857142857142857,1.5714285714285714,0.3756345177664975,1.3703703703703705,7,7,14,195,0.2711296081542969,1.4829635620117188,CTX3,30,2041,female,APP/PS1,good,optimal,optimal,True
84,DSB Iba1 30_40X_DG,0.7142857142857143,1.6666666666666667,1.2392857142857143,1.875675675675676,3,4,7,279,1.5737533569335938,2.1762847900390625,DG,30,2041,female,APP/PS1,good,optimal,optimal,True
85,DSB Iba1 31_40X_CA1,1.0714285714285714,1.875,1.0662251655629138,1.5480769230769231,8,6,14,151,0.908184051513672,3.847122192382813,CA1,31,2042,male,APP/PS1,good,optimal,optimal,True
86,DSB Iba1 31_40X_CA3,0.6666666666666666,2.0,0.927461139896373,1.4552845528455285,1,2,3,193,1.42059326171875,1.217937469482422,CA3,31,2042,male,APP/PS1,good,optimal,optimal,True
87,DSB Iba1 31_40X_CTX1,0.5789473684210527,1.8333333333333333,0.4673366834170854,1.1772151898734178,6,13,19,199,0.45013427734375,3.5140037536621094,CTX1,31,2042,male,APP/PS1,good,optimal,optimal,True
88,DSB Iba1 31_40X_CTX2,0.5555555555555556,1.4285714285714286,0.6090534979423868,1.2869565217391303,7,11,18,243,0.5597114562988281,2.959632873535156,CTX2,31,2042,male,APP/PS1,good,optimal,optimal,True
89,DSB Iba1 31_40X_CTX3,0.5882352941176471,1.25,0.8641975308641975,1.5909090909090908,8,9,17,162,0.7208824157714844,3.2898902893066406,CTX3,31,2042,male,APP/PS1,good,optimal,optimal,True
90,DSB Iba1 31_40X_DG,1.5384615384615383,2.0,1.867469879518072,2.193396226415094,10,3,13,249,2.163314819335937,3.90176773071289,DG,31,2042,male,APP/PS1,good,optimal,optimal,True
91,DSB Iba1 32_40X_CA1,3.1538461538461537,3.1538461538461537,4.774390243902439,4.89375,26,0,26,164,24.217510223388672,14.134979248046877,CA1,32,253,female,APP/PS1 x Neil3 KO,poor,optimal,suboptimal,False
92,DSB Iba1 32_40X_CA3,1.9696969696969695,2.096774193548387,4.111940298507463,4.174242424242424,31,2,33,134,35.25991439819336,14.082717895507812,CA3,32,253,female,APP/PS1 x Neil3 KO,poor,optimal,suboptimal,False
93,DSB Iba1 32_40X_CTX1,2.8983050847457625,3.2264150943396226,4.460714285714285,4.625925925925926,53,6,59,280,26.068115234375,14.151763916015623,CTX1,32,253,female,APP/PS1 x Neil3 KO,poor,optimal,suboptimal,False
94,DSB Iba1 32_40X_CTX2,1.486842105263158,1.547945205479452,2.654008438818565,2.699570815450644,73,3,76,237,45.59593200683594,17.71411895751953,CTX2,32,253,female,APP/PS1 x Neil3 KO,poor,suboptimal,suboptimal,False
95,DSB Iba1 32_40X_CTX3,2.48,2.7555555555555555,4.736559139784946,5.063218390804598,45,5,50,186,16.32986068725586,10.771465301513672,CTX3,32,253,female,APP/PS1 x Neil3 KO,poor,optimal,suboptimal,False
96,DSB Iba1 32_40X_DG,2.028169014084507,2.117647058823529,3.62015503875969,3.957627118644068,68,3,71,258,20.56293487548828,27.629661560058597,DG,32,253,female,APP/PS1 x Neil3 KO,poor,suboptimal,suboptimal,False
97,DSB Iba1 33_40X_CA1,1.0,1.5,0.8450704225352113,1.348314606741573,4,2,6,142,0.8049964904785156,2.395153045654297,CA1,33,1996,female,APP/PS1 x Neil3 KO,good,optimal,optimal,True
98,DSB Iba1 33_40X_CA3,0.8181818181818182,1.5,0.9572192513368984,1.4206349206349207,6,5,11,187,1.3813972473144531,1.8873214721679688,CA3,33,1996,female,APP/PS1 x Neil3 KO,good,optimal,optimal,True
99,DSB Iba1 33_40X_CTX1,0.7,1.75,0.6681614349775785,1.2416666666666667,4,6,10,223,1.5479087829589844,1.194000244140625,CTX1,33,1996,female,APP/PS1 x Neil3 KO,good,optimal,optimal,True
100,DSB Iba1 33_40X_CTX2,1.3571428571428572,1.9,1.2955665024630545,1.9924242424242424,10,4,14,203,1.5409469604492188,2.6653289794921875,CTX2,33,1996,female,APP/PS1 x Neil3 KO,good,optimal,optimal,True
101,DSB Iba1 33_40X_CTX3,0.7777777777777778,1.4,0.8589743589743589,1.5402298850574712,5,4,9,156,0.8223533630371094,2.5826454162597656,CTX3,33,1996,female,APP/PS1 x Neil3 KO,good,optimal,optimal,True
102,DSB Iba1 33_40X_DG,1.6363636363636365,2.571428571428572,1.7377049180327868,2.054263565891473,7,4,11,305,3.18288803100586,3.2654762268066406,DG,33,1996,female,APP/PS1 x Neil3 KO,good,optimal,optimal,True
103,DSB Iba1 34_40X_CA1,3.3157894736842106,3.3157894736842106,4.374149659863946,4.560283687943262,19,0,19,147,11.618709564208984,5.395984649658203,CA1,34,885,male,APP/PS1,poor,optimal,optimal,False
104,DSB Iba1 34_40X_CA3,2.875,2.875,5.114942528735632,5.4048582995951415,8,0,8,261,18.45865249633789,4.882526397705078,CA3,34,885,male,APP/PS1,poor,optimal,suboptimal,False
105,DSB Iba1 34_40X_CTX1,2.275,2.84375,3.338926174496644,3.88671875,32,8,40,298,9.898662567138672,6.429195404052734,CTX1,34,885,male,APP/PS1,poor,optimal,optimal,False
106,DSB Iba1 34_40X_CTX2,2.6666666666666665,2.938775510204082,3.5267175572519083,3.725806451612903,49,5,54,262,30.911731719970703,9.55486297607422,CTX2,34,885,male,APP/PS1,poor,optimal,suboptimal,False
107,DSB Iba1 34_40X_CTX3,2.0303030303030303,2.310344827586207,2.351851851851852,2.578680203045685,29,4,33,216,8.549880981445312,7.129859924316406,CTX3,34,885,male,APP/PS1,poor,optimal,optimal,False
108,DSB Iba1 34_40X_DG,2.3448275862068964,2.5185185185185186,4.211055276381909,4.457446808510638,27,2,29,199,13.27676773071289,9.005355834960938,DG,34,885,male,APP/PS1,poor,optimal,optimal,False
109,DSB Iba1 35_40X_CA1,1.0833333333333333,2.1666666666666665,0.4857142857142857,1.5454545454545454,6,6,12,175,0.7157325744628906,3.268909454345703,CA1,35,305,male,APP/PS1 x Neil3 KO,poor,optimal,optimal,False
110,DSB Iba1 35_40X_CA3,2.111111111111111,2.435897435897436,3.511627906976744,4.026666666666666,39,6,45,172,13.22774887084961,21.71812057495117,CA3,35,305,male,APP/PS1 x Neil3 KO,poor,suboptimal,optimal,False
111,DSB Iba1 35_40X_CTX1,1.1428571428571428,2.0,0.6995884773662552,1.7,16,12,28,243,0.7575035095214844,4.521656036376953,CTX1,35,305,male,APP/PS1 x Neil3 KO,poor,optimal,optimal,False
112,DSB Iba1 35_40X_CTX2,1.7615894039735098,1.8472222222222223,2.5426356589147288,2.6885245901639343,144,7,151,258,23.38438034057617,49.62272644042969,CTX2,35,305,male,APP/PS1 x Neil3 KO,poor,suboptimal,suboptimal,False
113,DSB Iba1 35_40X_CTX3,2.202020202020202,2.3956043956043955,3.450261780104712,3.681564245810056,91,8,99,191,13.570690155029297,36.1638069152832,CTX3,35,305,male,APP/PS1 x Neil3 KO,poor,suboptimal,optimal,False
114,DSB Iba1 35_40X_DG,1.9145299145299144,2.074074074074074,2.9081632653061225,3.1433823529411766,108,9,116,293,13.68703842163086,46.29859924316406,DG,35,305,male,APP/PS1 x Neil3 KO,poor,suboptimal,optimal,False
115,DSB Iba1 36_40X_CA1,0.7777777777777778,1.2727272727272727,1.0613496932515338,1.5043478260869565,11,7,18,163,1.4990806579589844,2.2858619689941406,CA1,36,2012,male,APP/PS1,good,optimal,optimal,True
116,DSB Iba1 36_40X_CA3,0.75,2.0,0.992248062015504,1.471264367816092,3,5,8,129,1.174163818359375,1.1386871337890625,CA3,36,2012,male,APP/PS1,good,optimal,optimal,True
117,DSB Iba1 36_40X_CTX1,1.25,1.7857142857142858,1.8888888888888888,2.442528735632184,14,6,20,225,2.8151512145996094,3.605270385742188,CTX1,36,2012,male,APP/PS1,good,optimal,optimal,True
118,DSB Iba1 36_40X_CTX2,1.3870967741935485,1.9545454545454544,1.2118644067796611,1.7023809523809523,22,9,31,236,2.0681381225585938,4.596138000488281,CTX2,36,2012,male,APP/PS1,good,optimal,optimal,True
119,DSB Iba1 36_40X_CTX3,1.3571428571428572,1.9,1.106060606060606,1.5755395683453235,10,4,14,198,1.329326629638672,2.627086639404297,CTX3,36,2012,male,APP/PS1,good,optimal,optimal,True
120,DSB Iba1 36_40X_DG,1.2222222222222223,1.5714285714285714,1.7992565055762082,2.095238095238096,7,2,9,268,4.043292999267578,1.8873214721679688,DG,36,2012,male,APP/PS1,good,optimal,optimal,True
121,DSB Iba1 37_40X_CA1,0.75,1.5,1.2662721893491125,2.183673469387755,4,4,8,169,1.2406349182128906,1.4169692993164062,CA1,37,892,female,APP/PS1,good,optimal,optimal,True
122,DSB Iba1 37_40X_CA3,0.6428571428571429,1.2857142857142858,1.5862068965517242,2.6436781609195403,7,7,14,145,1.8404960632324217,3.2583236694335938,CA3,37,892,female,APP/PS1,good,optimal,optimal,True
123,DSB Iba1 37_40X_CTX1,1.4210526315789471,2.076923076923077,1.5362903225806452,2.164772727272727,13,6,19,248,2.520465850830078,2.8922080993652344,CTX1,37,892,female,APP/PS1,good,optimal,optimal,True
124,DSB Iba1 37_40X_CTX2,1.5666666666666669,2.0434782608695654,2.2654545454545456,2.617647058823529,23,7,30,275,5.1082611083984375,6.322193145751953,CTX2,37,892,female,APP/PS1,good,optimal,optimal,True
125,DSB Iba1 37_40X_CTX3,1.4736842105263157,2.24,1.6077348066298345,2.139705882352941,25,13,38,181,3.800201416015625,5.652999877929688,CTX3,37,892,female,APP/PS1,good,optimal,optimal,True
126,DSB Iba1 37_40X_DG,1.4,2.0,2.274336283185841,2.734042553191489,7,3,10,224,4.963588714599609,2.9592514038085938,DG,37,892,female,APP/PS1,good,optimal,optimal,True
127,DSB Iba1 38_40X_DG,1.0,1.0,1.3728813559322033,1.4210526315789471,8,0,8,59,36.49396896362305,1.724529266357422,DG,38,154,female,APP/PS1 x Neil3 KO,poor,optimal,suboptimal,False
128,DSB Iba1 39_40X_CA1,1.3333333333333333,2.6666666666666665,0.7457627118644068,1.2054794520547945,3,3,6,118,0.7749557495117188,1.2140274047851562,CA1,39,1989,female,APP/PS1,good,optimal,optimal,True
129,DSB Iba1 39_40X_CA3,0.4285714285714285,1.0,0.7431192660550459,1.35,3,4,7,109,1.0321617126464844,1.1082649230957031,CA3,39,1989,female,APP/PS1,good,optimal,optimal,True
130,DSB Iba1 39_40X_CTX1,0.5714285714285714,2.0,0.4260355029585799,1.1428571428571428,2,5,7,169,0.4506111145019531,0.3711700439453125,CTX1,39,1989,female,APP/PS1,good,optimal,optimal,True
131,DSB Iba1 39_40X_CTX2,0.25,2.0,0.3827751196172249,1.1764705882352942,1,7,8,209,0.3875732421875,0.3496170043945312,CTX2,39,1989,female,APP/PS1,good,optimal,optimal,True
132,DSB Iba1 39_40X_CTX3,0.6,1.5,0.2631578947368421,1.0256410256410255,2,3,5,152,0.2254486083984375,0.2208709716796875,CTX3,39,1989,female,APP/PS1,good,optimal,optimal,True
133,DSB Iba1 39_40X_DG,1.2,1.5,0.9190283400809716,1.474025974025974,8,2,10,247,1.4722824096679688,1.7183303833007812,DG,39,1989,female,APP/PS1,good,optimal,optimal,True
134,DSB Iba1 40_40X_CA1,0.4,1.0,0.3795620437956204,1.1063829787234043,2,3,5,137,0.4599571228027344,1.3429641723632812,CA1,40,2005,male,APP/PS1 x Neil3 KO,good,optimal,optimal,True
135,DSB Iba1 40_40X_CA3,0.625,1.0,0.7586206896551724,1.32,5,3,8,87,0.5597114562988281,1.7145156860351562,CA3,40,2005,male,APP/PS1 x Neil3 KO,good,optimal,optimal,True
136,DSB Iba1 40_40X_CTX1,0.8636363636363636,1.5833333333333333,0.6402439024390244,1.3636363636363635,12,10,22,164,0.6749153137207031,3.7994384765625,CTX1,40,2005,male,APP/PS1 x Neil3 KO,good,optimal,optimal,True
137,DSB Iba1 40_40X_CTX2,0.7647058823529411,1.625,0.6352201257861635,1.2317073170731707,8,9,17,159,0.5100250244140625,3.754806518554688,CTX2,40,2005,male,APP/PS1 x Neil3 KO,good,optimal,optimal,True
138,DSB Iba1 40_40X_CTX3,1.434782608695652,1.5714285714285714,0.6740331491712708,1.2842105263157897,21,2,23,181,0.711822509765625,4.794597625732422,CTX3,40,2005,male,APP/PS1 x Neil3 KO,good,optimal,optimal,True
139,DSB Iba1 40_40X_DG,1.8,2.25,1.217993079584775,1.537117903930131,4,1,5,289,2.08282470703125,0.7130622863769531,DG,40,2005,male,APP/PS1 x Neil3 KO,good,optimal,optimal,True
140,DSB Iba1 41_40X_CA1,0.5,1.0,0.6289308176100629,1.0869565217391304,2,2,4,159,0.7174491882324219,0.4645347595214844,CA1,41,1995,female,APP/PS1 x Neil3 KO,good,optimal,optimal,True
141,DSB Iba1 41_40X_CA3,0.2857142857142857,1.0,0.4807692307692308,1.3157894736842106,2,5,7,104,0.4147529602050781,0.6657600402832031,CA3,41,1995,female,APP/PS1 x Neil3 KO,good,optimal,optimal,True
142,DSB Iba1 41_40X_CTX1,,,0.0902777777777777,1.0,0,0,0,144,0.066375732421875,0.0162124633789062,CTX1,41,1995,female,APP/PS1 x Neil3 KO,good,optimal,optimal,True
143,DSB Iba1 41_40X_CTX2,0.0,,0.134020618556701,1.1304347826086956,0,8,8,194,0.0730514526367187,0.2507209777832031,CTX2,41,1995,female,APP/PS1 x Neil3 KO,good,optimal,optimal,True
144,DSB Iba1 41_40X_CTX3,0.5714285714285714,1.3333333333333333,0.176056338028169,1.1904761904761905,3,4,7,142,0.0868797302246093,0.83465576171875,CTX3,41,1995,female,APP/PS1 x Neil3 KO,good,optimal,optimal,True
145,DSB Iba1 41_40X_DG,1.1666666666666667,1.1666666666666667,1.2688524590163934,1.6329113924050631,6,0,6,305,2.2176742553710938,0.9260177612304688,DG,41,1995,female,APP/PS1 x Neil3 KO,good,optimal,optimal,True
146,DSB Iba1 42_40X_CA1,1.75,1.75,0.4256756756756756,1.1666666666666667,4,0,4,148,0.5374908447265625,0.5733489990234375,CA1,42,2008,female,APP/PS1,good,optimal,optimal,True
147,DSB Iba1 42_40X_CA3,1.1,2.2,0.7931034482758621,1.4603174603174602,5,5,10,116,0.6807327270507812,0.9168624877929688,CA3,42,2008,female,APP/PS1,good,optimal,optimal,True
148,DSB Iba1 42_40X_CTX1,0.5454545454545454,1.5,0.475,1.144578313253012,4,7,11,200,0.4649162292480469,0.74462890625,CTX1,42,2008,female,APP/PS1,good,optimal,optimal,True
149,DSB Iba1 42_40X_CTX2,0.8421052631578947,1.6,0.5170454545454546,1.2638888888888888,10,9,19,176,0.4080772399902344,1.824378967285156,CTX2,42,2008,female,APP/PS1,good,optimal,optimal,True
150,DSB Iba1 42_40X_CTX3,1.6,2.0,0.7515527950310559,1.3444444444444446,8,2,10,161,0.6461143493652344,0.9996414184570312,CTX3,42,2008,female,APP/PS1,good,optimal,optimal,True
151,DSB Iba1 42_40X_DG,1.0,1.6666666666666667,0.923694779116466,1.5032679738562091,3,2,5,249,1.3035774230957031,0.988483428955078,DG,42,2008,female,APP/PS1,good,optimal,optimal,True
152,DSB Iba1 43_40X_CA1,0.3529411764705882,1.2,0.3286713286713286,1.068181818181818,5,12,17,143,0.3113746643066406,3.304767608642578,CA1,43,2042,male,APP/PS1,good,optimal,optimal,True
153,DSB Iba1 43_40X_CA3,0.4444444444444444,1.3333333333333333,1.2401960784313726,1.7448275862068965,3,6,9,204,2.048969268798828,5.7796478271484375,CA3,43,2042,male,APP/PS1,good,optimal,optimal,True
154,DSB Iba1 43_40X_CTX1,1.4705882352941178,2.631578947368421,1.37117903930131,2.150684931506849,19,15,34,229,1.3188362121582031,12.746238708496094,CTX1,43,2042,male,APP/PS1,good,optimal,optimal,True
155,DSB Iba1 43_40X_CTX2,0.3793103448275862,1.5714285714285714,0.4293193717277487,1.1714285714285717,7,22,29,191,0.3693580627441406,7.944774627685547,CTX2,43,2042,male,APP/PS1,good,optimal,optimal,True
156,DSB Iba1 43_40X_CTX3,1.2105263157894737,2.090909090909091,0.946341463414634,1.847619047619048,11,8,19,205,0.8925437927246094,7.372093200683594,CTX3,43,2042,male,APP/PS1,good,optimal,optimal,True
157,DSB Iba1 43_40X_DG,2.388888888888889,2.6875,2.7430830039525693,3.05726872246696,32,4,36,253,3.8147926330566406,16.925048828125,DG,43,2042,male,APP/PS1,good,optimal,optimal,True
158,DSB Iba1 44_40X_CA1,1.3255813953488371,1.3571428571428572,1.5229357798165135,1.537037037037037,42,1,43,109,71.6085433959961,45.28112411499024,CA1,44,147,female,APP/PS1,poor,suboptimal,suboptimal,False
159,DSB Iba1 44_40X_CA3,1.3142857142857145,1.3142857142857145,1.7384615384615385,1.7384615384615385,35,0,35,65,81.05602264404297,48.995113372802734,CA3,44,147,female,APP/PS1,poor,suboptimal,suboptimal,False
160,DSB Iba1 44_40X_CTX1,1.0962962962962963,1.0962962962962963,1.3725490196078431,1.3725490196078431,135,0,135,255,83.38785171508789,61.879920959472656,CTX1,44,147,female,APP/PS1,poor,suboptimal,suboptimal,False
161,DSB Iba1 44_40X_DG,1.1566265060240963,1.1566265060240963,1.5384615384615383,1.5625,83,0,83,130,45.105743408203125,39.72511291503906,DG,44,147,female,APP/PS1,poor,suboptimal,suboptimal,False
162,DSB Iba1 45_40X_CA1,1.625,2.1666666666666665,2.3138686131386863,2.8053097345132745,12,4,16,137,1.8074989318847656,6.223964691162109,CA1,45,1887,male,APP/PS1 x Neil3 KO,good,optimal,optimal,True
163,DSB Iba1 45_40X_CA3,1.0909090909090908,1.7142857142857142,1.585987261146497,2.41747572815534,7,4,11,157,1.5021324157714844,5.231571197509766,CA3,45,1887,male,APP/PS1 x Neil3 KO,good,optimal,optimal,True
164,DSB Iba1 45_40X_CTX1,0.7,1.4,0.5633802816901409,1.4285714285714286,10,10,20,212,0.8280754089355469,4.201602935791016,CTX1,45,1887,male,APP/PS1 x Neil3 KO,good,optimal,optimal,True
165,DSB Iba1 45_40X_CTX2,0.7407407407407407,1.6666666666666667,0.4292682926829268,1.2571428571428571,12,15,27,204,0.4374504089355469,4.376411437988281,CTX2,45,1887,male,APP/PS1 x Neil3 KO,good,optimal,optimal,True
166,DSB Iba1 45_40X_CTX3,0.56,1.5555555555555556,0.4818652849740932,1.3478260869565215,9,16,25,192,0.3774642944335937,3.458404541015625,CTX3,45,1887,male,APP/PS1 x Neil3 KO,good,optimal,optimal,True
167,DSB Iba1 45_40X_DG,2.391304347826087,3.4375,2.4859154929577465,2.736434108527132,16,7,23,284,4.353618621826172,7.775020599365234,DG,45,1887,male,APP/PS1 x Neil3 KO,good,optimal,optimal,True
168,DSB Iba1 46_40X_CA1,1.9577464788732395,2.074626865671642,3.020833333333333,3.063380281690141,67,4,71,144,48.19374084472656,47.70441055297852,CA1,46,253,female,APP/PS1 x Neil3 KO,poor,suboptimal,suboptimal,False
169,DSB Iba1 46_40X_CA3,2.3174603174603177,2.607142857142857,4.205882352941177,4.80672268907563,56,7,63,136,18.149757385253903,31.574440002441406,CA3,46,253,female,APP/PS1 x Neil3 KO,poor,suboptimal,suboptimal,False
170,DSB Iba1 46_40X_CTX1,1.752212389380531,1.81651376146789,2.637450199203187,2.6910569105691056,109,4,113,251,58.10279846191406,46.37212753295898,CTX1,46,253,female,APP/PS1 x Neil3 KO,poor,suboptimal,suboptimal,False
171,DSB Iba1 46_40X_CTX2,1.5328947368421053,1.563758389261745,2.071428571428572,2.116788321167883,149,3,152,280,64.41020965576172,51.16119384765625,CTX2,46,253,female,APP/PS1 x Neil3 KO,poor,suboptimal,suboptimal,False
172,DSB Iba1 46_40X_CTX3,1.834710743801653,1.88135593220339,2.9285714285714284,3.04296875,118,3,121,266,45.4249382019043,32.654476165771484,CTX3,46,253,female,APP/PS1 x Neil3 KO,poor,suboptimal,suboptimal,False
173,DSB Iba1 46_40X_DG,1.5326086956521738,1.5326086956521738,2.415730337078652,2.415730337078652,92,0,92,178,52.95248031616211,56.203651428222656,DG,46,253,female,APP/PS1 x Neil3 KO,poor,suboptimal,suboptimal,False
174,DSB Iba1 47_40X_CA1,1.3333333333333333,2.1818181818181817,1.4685714285714286,2.3577981651376145,11,7,18,175,3.0524253845214844,6.558036804199219,CA1,47,887,male,APP/PS1,good,optimal,optimal,False
175,DSB Iba1 47_40X_CA3,1.5,2.076923076923077,3.9079754601227,4.615942028985507,13,5,18,163,5.192661285400391,8.901691436767578,CA3,47,887,male,APP/PS1,good,optimal,optimal,False
176,DSB Iba1 47_40X_CTX1,0.5,1.5454545454545454,0.6444444444444445,1.5615384615384615,11,23,34,315,0.7054328918457031,5.655956268310547,CTX1,47,887,male,APP/PS1,good,optimal,optimal,False
177,DSB Iba1 47_40X_CTX2,2.0485436893203883,2.24468085106383,3.0437956204379564,3.283464566929134,94,9,103,274,18.903064727783203,30.04922866821289,CTX2,47,887,male,APP/PS1,good,suboptimal,suboptimal,False
178,DSB Iba1 47_40X_CTX3,1.3461538461538465,1.7073170731707317,1.737556561085973,2.0869565217391304,41,11,52,221,5.331134796142578,14.159202575683594,CTX3,47,887,male,APP/PS1,good,optimal,optimal,False
179,DSB Iba1 47_40X_DG,2.1666666666666665,2.294117647058824,3.834254143646409,3.898876404494382,17,1,18,181,22.7813720703125,13.895225524902344,DG,47,887,male,APP/PS1,good,optimal,suboptimal,False
180,DSB Iba1 48_40X_CA1,1.4285714285714286,2.0,1.1724137931034482,1.6585365853658536,5,2,7,116,0.7757186889648438,3.3704757690429688,CA1,48,2041,female,APP/PS1,good,optimal,optimal,True
181,DSB Iba1 48_40X_CA3,1.0,1.25,0.61,1.3555555555555556,4,1,5,100,0.5895614624023438,2.537250518798828,CA3,48,2041,female,APP/PS1,good,optimal,optimal,True
182,DSB Iba1 48_40X_CTX1,1.0,1.5909090909090908,0.7222222222222222,1.278688524590164,22,13,35,216,0.8686065673828125,4.6924591064453125,CTX1,48,2041,female,APP/PS1,good,optimal,optimal,True
183,DSB Iba1 48_40X_CTX2,1.0909090909090908,1.8461538461538465,0.8032786885245902,1.3154362416107384,13,9,22,244,1.111125946044922,3.786659240722656,CTX2,48,2041,female,APP/PS1,good,optimal,optimal,True
184,DSB Iba1 48_40X_CTX3,0.9523809523809524,1.5384615384615383,0.8151658767772512,1.3983739837398377,13,8,21,211,1.1597633361816406,3.594589233398437,CTX3,48,2041,female,APP/PS1,good,optimal,optimal,True
185,DSB Iba1 48_40X_DG,1.5384615384615383,2.2222222222222223,1.962837837837838,2.26953125,9,4,13,296,2.8412818908691406,5.111885070800781,DG,48,2041,female,APP/PS1,good,optimal,optimal,True
186,DSB Iba1 49_40X_CA1,2.0,2.0,2.5205479452054798,2.647482014388489,24,0,24,146,44.43187713623047,8.189868927001953,CA1,49,231,male,APP/PS1 x Neil3 KO,poor,optimal,suboptimal,False
187,DSB Iba1 49_40X_CA3,0.8947368421052632,1.7,2.5,3.8947368421052633,10,9,19,148,4.161643981933594,6.575107574462891,CA3,49,231,male,APP/PS1 x Neil3 KO,poor,optimal,optimal,False
188,DSB Iba1 49_40X_CTX1,1.4,1.5,1.5459770114942528,1.6918238993710693,28,2,30,174,35.48917770385742,8.087635040283203,CTX1,49,231,male,APP/PS1 x Neil3 KO,poor,optimal,suboptimal,False
189,DSB Iba1 49_40X_CTX2,1.4,1.6666666666666667,1.868421052631579,2.0402298850574714,21,4,25,190,37.35837936401367,6.462860107421875,CTX2,49,231,male,APP/PS1 x Neil3 KO,poor,optimal,suboptimal,False
190,DSB Iba1 49_40X_CTX3,0.6666666666666666,1.1111111111111112,1.4338235294117647,2.2413793103448274,9,6,15,136,2.4756431579589844,2.49490737915039,CTX3,49,231,male,APP/PS1 x Neil3 KO,poor,optimal,optimal,False
191,DSB Iba1 49_40X_DG,2.034482758620689,2.034482758620689,2.7457627118644066,2.8092485549132946,29,0,29,177,54.27255630493164,14.119243621826172,DG,49,231,male,APP/PS1 x Neil3 KO,poor,optimal,suboptimal,False
192,DSB Iba1 50_40X_CA1,0.1428571428571428,1.0,0.2300884955752212,1.181818181818182,3,18,21,113,0.0975608825683593,4.873561859130859,CA1,50,1996,female,APP/PS1 x Neil3 KO,good,optimal,optimal,True
193,DSB Iba1 50_40X_CA3,0.0909090909090909,1.0,0.5126050420168067,1.326086956521739,1,10,11,119,0.5349159240722656,3.848457336425781,CA3,50,1996,female,APP/PS1 x Neil3 KO,good,optimal,optimal,True
194,DSB Iba1 50_40X_CTX1,0.0,,0.0174672489082969,1.0,0,27,27,229,0.0278472900390625,6.229019165039063,CTX1,50,1996,female,APP/PS1 x Neil3 KO,good,optimal,optimal,True
195,DSB Iba1 50_40X_CTX2,0.1428571428571428,1.0,0.2067307692307692,1.1025641025641026,3,18,21,208,0.2301216125488281,5.149269104003906,CTX2,50,1996,female,APP/PS1 x Neil3 KO,good,optimal,optimal,True
196,DSB Iba1 50_40X_CTX3,0.6875,1.4666666666666666,0.8238341968911918,1.4587155963302751,15,17,32,192,1.0915756225585938,5.641460418701172,CTX3,50,1996,female,APP/PS1 x Neil3 KO,good,optimal,optimal,True
197,DSB Iba1 50_40X_DG,0.3809523809523809,1.3333333333333333,0.4703557312252964,1.2659574468085106,6,15,21,252,0.46234130859375,5.594158172607422,DG,50,1996,female,APP/PS1 x Neil3 KO,good,optimal,optimal,True
198,DSB Iba1 51_40X_CA1,0.4761904761904761,2.0,0.4285714285714285,1.173913043478261,5,16,21,126,0.4143714904785156,6.222438812255859,CA1,51,2014,male,APP/PS1,good,optimal,optimal,True
199,DSB Iba1 51_40X_CA3,0.7857142857142857,1.375,0.8347826086956521,1.5,8,6,14,115,0.7281303405761719,6.045722961425781,CA3,51,2014,male,APP/PS1,good,optimal,optimal,True
200,DSB Iba1 51_40X_CTX1,0.3888888888888889,1.75,0.3181818181818182,1.2,4,14,18,132,0.2779006958007812,4.617595672607422,CTX1,51,2014,male,APP/PS1,good,optimal,optimal,True
201,DSB Iba1 51_40X_CTX2,0.3214285714285714,1.2857142857142858,0.2285714285714285,1.0434782608695652,7,21,28,210,0.2605438232421875,7.056903839111328,CTX2,51,2014,male,APP/PS1,good,optimal,optimal,True
202,DSB Iba1 51_40X_CTX3,0.5,1.3571428571428572,0.4823529411764706,1.28125,14,24,38,170,0.4462242126464844,9.714698791503906,CTX3,51,2014,male,APP/PS1,good,optimal,optimal,True
203,DSB Iba1 51_40X_DG,0.8421052631578947,1.4545454545454546,1.1594827586206895,1.469945355191257,11,8,19,232,1.5252113342285156,6.879520416259766,DG,51,2014,male,APP/PS1,good,optimal,optimal,True
204,DSB Iba1 52_40X_CA1,0.6666666666666666,1.2,0.4453781512605042,1.127659574468085,5,4,9,119,0.2756118774414062,5.399608612060547,CA1,52,1891,female,APP/PS1 x Neil3 KO,good,optimal,optimal,True
205,DSB Iba1 52_40X_CA3,0.8571428571428571,1.5,0.6336633663366337,1.4222222222222225,4,3,7,101,0.4342079162597656,4.315376281738281,CA3,52,1891,female,APP/PS1 x Neil3 KO,good,optimal,optimal,True
206,DSB Iba1 52_40X_CTX1,0.3076923076923077,2.0,0.3008130081300813,1.4230769230769231,4,22,26,123,0.1187324523925781,7.786273956298828,CTX1,52,1891,female,APP/PS1 x Neil3 KO,good,optimal,optimal,True
207,DSB Iba1 52_40X_CTX2,0.5365853658536586,1.2941176470588236,0.4472361809045226,1.2191780821917808,17,24,41,199,0.3239631652832031,10.270881652832031,CTX2,52,1891,female,APP/PS1 x Neil3 KO,good,optimal,optimal,True
208,DSB Iba1 52_40X_CTX3,0.4242424242424242,1.5555555555555556,0.527363184079602,1.3766233766233766,9,24,33,201,0.4559516906738281,10.033130645751951,CTX3,52,1891,female,APP/PS1 x Neil3 KO,good,optimal,optimal,True
209,DSB Iba1 52_40X_DG,0.6086956521739131,1.1666666666666667,0.6530612244897959,1.2307692307692308,12,11,23,245,0.7616043090820312,7.422256469726562,DG,52,1891,female,APP/PS1 x Neil3 KO,good,optimal,optimal,True
210,DSB Iba1 53_40X_CA1,1.8,2.25,3.217948717948718,3.921875,8,2,10,156,4.520511627197266,2.5342941284179688,CA1,53,885,male,APP/PS1,good,optimal,optimal,True
211,DSB Iba1 53_40X_CA3,1.5714285714285714,1.8333333333333333,3.043010752688172,3.5375,6,1,7,186,6.536006927490234,2.4756431579589844,CA3,53,885,male,APP/PS1,good,optimal,optimal,True
212,DSB Iba1 53_40X_CTX1,1.6046511627906976,2.15625,2.1171875,2.737373737373737,32,11,43,256,3.690528869628906,7.878398895263672,CTX1,53,885,male,APP/PS1,good,optimal,optimal,True
213,DSB Iba1 53_40X_CTX2,1.805555555555556,2.2413793103448274,1.6968325791855203,2.2058823529411766,29,7,36,221,3.605270385742188,7.045269012451172,CTX2,53,885,male,APP/PS1,good,optimal,optimal,True
214,DSB Iba1 53_40X_CTX3,1.318181818181818,2.071428571428572,1.7655172413793103,2.4150943396226414,14,8,22,145,3.4102439880371094,5.187797546386719,CTX3,53,885,male,APP/PS1,good,optimal,optimal,True
215,DSB Iba1 53_40X_DG,1.6842105263157894,1.7777777777777777,3.3365384615384617,3.671957671957672,18,1,19,208,10.100555419921877,3.43008041381836,DG,53,885,male,APP/PS1,good,optimal,optimal,True
216,DSB Iba1 54_40X_CA1,1.1428571428571428,1.6,0.5725190839694656,1.271186440677966,5,2,7,131,0.5602836608886719,2.426910400390625,CA1,54,2012,male,APP/PS1,good,optimal,optimal,True
217,DSB Iba1 54_40X_CA3,1.3333333333333333,1.3333333333333333,0.9605263157894736,1.46,3,0,3,151,1.2754440307617188,1.7024993896484375,CA3,54,2012,male,APP/PS1,good,optimal,optimal,True
218,DSB Iba1 54_40X_CTX1,0.5217391304347826,1.3333333333333333,0.68,1.4945054945054943,9,14,23,200,0.823211669921875,4.989528656005859,CTX1,54,2012,male,APP/PS1,good,optimal,optimal,True
219,DSB Iba1 54_40X_CTX2,0.75,1.5,0.6683937823834197,1.372340425531915,8,8,16,193,0.7739067077636719,3.8888931274414062,CTX2,54,2012,male,APP/PS1,good,optimal,optimal,True
220,DSB Iba1 54_40X_CTX3,1.173913043478261,1.9285714285714288,0.8034682080924855,1.5108695652173914,14,9,23,173,0.8355140686035156,5.550861358642578,CTX3,54,2012,male,APP/PS1,good,optimal,optimal,True
221,DSB Iba1 54_40X_DG,0.8421052631578947,1.6,1.2365591397849462,1.6273584905660377,10,9,19,279,1.9334793090820312,3.528308868408203,DG,54,2012,male,APP/PS1,good,optimal,optimal,True
222,DSB Iba1 55_40X_CA1,0.3333333333333333,1.0,0.5,1.2307692307692308,3,6,9,128,0.495147705078125,1.777362823486328,CA1,55,1989,female,APP/PS1,good,optimal,optimal,True
223,DSB Iba1 55_40X_CA3,0.5,1.0,0.5957446808510638,1.5135135135135136,2,2,4,94,0.4197120666503906,1.872539520263672,CA3,55,1989,female,APP/PS1,good,optimal,optimal,True
224,DSB Iba1 55_40X_CTX1,0.1111111111111111,1.0,0.0578512396694214,1.0,1,8,9,121,0.0318527221679687,1.2282371520996094,CTX1,55,1989,female,APP/PS1,good,optimal,optimal,True
225,DSB Iba1 55_40X_CTX2,0.4285714285714285,1.5,0.7583892617449665,1.3950617283950617,4,10,14,149,0.611114501953125,3.083038330078125,CTX2,55,1989,female,APP/PS1,good,optimal,optimal,True
226,DSB Iba1 55_40X_CTX3,0.0,,0.1904761904761904,1.3333333333333333,0,8,8,84,0.0937461853027343,0.5826950073242188,CTX3,55,1989,female,APP/PS1,good,optimal,optimal,True
227,DSB Iba1 55_40X_DG,0.8333333333333334,1.25,1.012,1.4375,8,4,12,250,1.6141891479492188,2.5461196899414062,DG,55,1989,female,APP/PS1,good,optimal,optimal,True
228,DSB Iba1 56_40X_CA1,0.8125,1.625,0.5202702702702703,1.2419354838709675,8,8,16,148,0.609588623046875,4.4521331787109375,CA1,56,2008,female,APP/PS1,good,optimal,optimal,True
229,DSB Iba1 56_40X_CA3,0.5,1.6666666666666667,0.6384615384615384,1.5660377358490567,6,14,20,130,0.5918502807617188,4.624557495117188,CA3,56,2008,female,APP/PS1,good,optimal,optimal,True
230,DSB Iba1 56_40X_CTX1,0.9090909090909092,1.6666666666666667,0.5170454545454546,1.2297297297297298,12,10,22,176,0.4897117614746094,5.258560180664063,CTX1,56,2008,female,APP/PS1,good,optimal,optimal,True
231,DSB Iba1 56_40X_CTX2,0.8260869565217391,1.3571428571428572,0.3556485355648535,1.1333333333333333,14,9,23,239,0.3222465515136719,5.3241729736328125,CTX2,56,2008,female,APP/PS1,good,optimal,optimal,True
232,DSB Iba1 56_40X_CTX3,0.3235294117647059,1.1,0.3494623655913978,1.2037037037037035,10,24,34,186,0.2533912658691406,4.150867462158203,CTX3,56,2008,female,APP/PS1,good,optimal,optimal,True
233,DSB Iba1 56_40X_DG,1.1666666666666667,1.6153846153846154,0.988,1.6917808219178083,13,5,18,250,0.9902000427246094,5.023097991943359,DG,56,2008,female,APP/PS1,good,optimal,optimal,True
234,DSB Iba1 57_40X_CA1,0.7857142857142857,1.375,1.5892857142857142,2.8404255319148937,8,6,14,168,1.7914772033691406,2.201366424560547,CA1,57,305,male,APP/PS1 x Neil3 KO,good,optimal,optimal,True
235,DSB Iba1 57_40X_CA3,0.9375,1.6666666666666667,3.83625730994152,4.823529411764706,9,7,16,171,6.385135650634766,4.8095703125,CA3,57,305,male,APP/PS1 x Neil3 KO,good,optimal,optimal,True
236,DSB Iba1 57_40X_CTX1,1.0,1.5833333333333333,0.3543307086614173,1.3043478260869563,12,7,19,254,0.3266334533691406,2.260112762451172,CTX1,57,305,male,APP/PS1 x Neil3 KO,good,optimal,optimal,True
237,DSB Iba1 57_40X_CTX2,0.8235294117647058,1.1666666666666667,0.3855421686746988,1.3714285714285714,12,5,17,249,0.4457473754882812,1.4965057373046875,CTX2,57,305,male,APP/PS1 x Neil3 KO,good,optimal,optimal,True
238,DSB Iba1 57_40X_CTX3,0.5,1.2857142857142858,0.1846153846153846,1.2,7,11,18,195,0.1439094543457031,1.306438446044922,CTX3,57,305,male,APP/PS1 x Neil3 KO,good,optimal,optimal,True
239,DSB Iba1 57_40X_DG,1.4642857142857142,2.2777777777777777,2.0753968253968256,3.005747126436781,18,10,28,252,2.986621856689453,5.2936553955078125,DG,57,305,male,APP/PS1 x Neil3 KO,good,optimal,optimal,True
240,DSB Iba1 58_40X_CA1,0.8571428571428571,1.5,0.6974789915966386,1.2575757575757576,4,3,7,119,0.6536483764648438,2.06155776977539,CA1,58,2005,male,APP/PS1 x Neil3 KO,good,optimal,optimal,True
241,DSB Iba1 58_40X_CA3,0.6666666666666666,1.0,0.8416666666666667,1.4852941176470589,4,2,6,120,0.7616043090820312,1.918315887451172,CA3,58,2005,male,APP/PS1 x Neil3 KO,good,optimal,optimal,True
242,DSB Iba1 58_40X_CTX1,1.0526315789473684,1.818181818181818,0.6194029850746269,1.3387096774193548,11,8,19,134,0.4926681518554687,4.450321197509766,CTX1,58,2005,male,APP/PS1 x Neil3 KO,good,optimal,optimal,True
243,DSB Iba1 58_40X_CTX2,1.1,1.6923076923076923,0.8291457286432161,1.4601769911504423,13,7,20,199,0.8916854858398438,2.5277137756347656,CTX2,58,2005,male,APP/PS1 x Neil3 KO,good,optimal,optimal,True
244,DSB Iba1 58_40X_CTX3,1.2222222222222223,1.8333333333333333,0.5806451612903226,1.3170731707317074,6,3,9,186,0.553131103515625,0.5662918090820312,CTX3,58,2005,male,APP/PS1 x Neil3 KO,good,optimal,optimal,True
245,DSB Iba1 58_40X_DG,1.0,1.3333333333333333,0.8467432950191571,1.3558282208588956,3,1,4,261,1.1504173278808594,1.5165328979492188,DG,58,2005,male,APP/PS1 x Neil3 KO,good,optimal,optimal,True
246,DSB Iba1 59_40X_CA1,0.4,1.0,0.6645962732919255,1.1888888888888889,4,6,10,161,0.9168624877929688,3.539466857910156,CA1,59,1995,female,APP/PS1 x Neil3 KO,good,optimal,optimal,True
247,DSB Iba1 59_40X_CA3,0.625,1.25,0.4579439252336448,1.195121951219512,4,4,8,107,0.3584861755371094,2.4675369262695312,CA3,59,1995,female,APP/PS1 x Neil3 KO,good,optimal,optimal,True
248,DSB Iba1 59_40X_CTX1,0.7692307692307693,1.4285714285714286,0.627906976744186,1.2272727272727273,7,6,13,215,0.8263587951660156,3.9608001708984375,CTX1,59,1995,female,APP/PS1 x Neil3 KO,good,optimal,optimal,True
249,DSB Iba1 59_40X_CTX2,0.6086956521739131,1.0769230769230769,0.4013605442176871,1.18,13,10,23,147,0.3554344177246094,6.726360321044922,CTX2,59,1995,female,APP/PS1 x Neil3 KO,good,optimal,optimal,True
250,DSB Iba1 59_40X_CTX3,0.6296296296296297,1.5454545454545454,0.46,1.2321428571428572,11,16,27,150,0.322723388671875,5.142498016357422,CTX3,59,1995,female,APP/PS1 x Neil3 KO,good,optimal,optimal,True
251,DSB Iba1 59_40X_DG,1.4444444444444444,1.625,1.2170542635658914,1.618556701030928,8,1,9,258,2.118110656738281,3.248310089111328,DG,59,1995,female,APP/PS1 x Neil3 KO,good,optimal,optimal,True
