index,filename,avg_dna_damage_foci/glia_+,avg_dna_damage_foci/glia_+_damage_+,avg_dna_damage_foci/all_nuclei,avg_dna_damage_foci/all_nuclei_damage_+,nr_+_dna_damage_glia_nuclei,nr_+_dna_damage_all_nuclei,nr_-_dna_damage_glia_nuclei,nr_glia_+_nuclei,nr_total_nuclei,%_dna_damage_signal,%_glia+_signal,damage_load_ratio_glia_+_cells,damage_load_ratio_all_cells,tissue_location,staining_id,animal_id,sex,genotype,dna_damage_stain_quality_manual,manual_qc,glia_stain_quality_auto,dna_damage_stain_quality_auto,staining_qc_passed
0,DSB Iba1 101_40X_CA1,1.0,1.3333333333333333,0.5733333333333334,1.4098360655737705,9,61,3,12,150,0.7833480834960938,1.6779899597167969,0.75,0.4066666666666667,CA1,101,2119,female,APP/PS1,good,passed,optimal,optimal,True
1,DSB Iba1 101_40X_CA3,0.7777777777777778,1.0,0.934959349593496,1.513157894736842,7,76,2,9,123,1.2866973876953125,2.135658264160156,0.7777777777777778,0.6178861788617886,CA3,101,2119,female,APP/PS1,good,passed,optimal,optimal,True
2,DSB Iba1 101_40X_CTX1,1.1,1.375,0.9580838323353292,1.415929203539823,24,113,6,30,167,2.621173858642578,5.073738098144531,0.8,0.6766467065868264,CTX1,101,2119,female,APP/PS1,good,passed,optimal,optimal,True
3,DSB Iba1 101_40X_CTX2,1.3636363636363635,1.6666666666666667,0.8983739837398373,1.4076433121019107,9,157,2,11,246,1.90887451171875,5.266761779785156,0.8181818181818182,0.6382113821138211,CTX2,101,2119,female,APP/PS1,good,passed,optimal,optimal,True
4,DSB Iba1 101_40X_CTX3,0.5333333333333333,1.3333333333333333,0.759656652360515,1.3014705882352942,6,136,9,15,233,1.6230583190917969,3.1785964965820312,0.4,0.5836909871244635,CTX3,101,2119,female,APP/PS1,good,passed,optimal,optimal,True
5,DSB Iba1 101_40X_DG,1.2,1.7142857142857142,1.3,1.5350553505535056,14,271,6,20,319,4.331111907958984,5.922412872314453,0.7,0.8495297805642633,DG,101,2119,female,APP/PS1,good,passed,optimal,optimal,True
6,DSB Iba1 102_40X_CA1,0.2222222222222222,1.0,0.3697916666666667,1.1451612903225807,2,62,7,9,191,0.918865203857422,2.603435516357422,0.2222222222222222,0.3246073298429319,CA1,102,2121,male,APP/PS1,good,passed,optimal,optimal,True
7,DSB Iba1 102_40X_CA3,1.0,1.5,0.890625,1.5616438356164384,4,73,2,6,128,1.2639999389648438,2.784252166748047,0.6666666666666666,0.5703125,CA3,102,2121,male,APP/PS1,good,passed,optimal,optimal,True
8,DSB Iba1 102_40X_CTX1,0.8333333333333334,1.5,0.7142857142857143,1.2980769230769231,20,104,16,36,189,1.2109756469726562,4.2667388916015625,0.5555555555555556,0.5502645502645502,CTX1,102,2121,male,APP/PS1,good,passed,optimal,optimal,True
9,DSB Iba1 102_40X_CTX2,1.0952380952380951,1.9166666666666667,0.7781569965870307,1.425,12,160,9,21,293,1.820850372314453,2.9754638671875,0.5714285714285714,0.5460750853242321,CTX2,102,2121,male,APP/PS1,good,passed,optimal,optimal,True
10,DSB Iba1 102_40X_CTX3,1.0454545454545454,1.3529411764705883,0.8795180722891566,1.431372549019608,17,153,5,22,249,2.02932357788086,3.9920806884765625,0.7727272727272727,0.6144578313253012,CTX3,102,2121,male,APP/PS1,good,passed,optimal,optimal,True
11,DSB Iba1 102_40X_DG,1.1,1.5714285714285714,1.2924281984334205,1.523076923076923,14,325,6,20,382,4.564476013183594,4.560565948486328,0.7,0.8507853403141361,DG,102,2121,male,APP/PS1,good,passed,optimal,optimal,True
12,DSB Iba1 103_40X_CA1,1.0,1.2,0.573170731707317,1.160493827160494,5,81,1,6,164,1.084613800048828,1.0839462280273438,0.8333333333333334,0.4939024390243902,CA1,103,2143,male,APP/PS1 x Neil3 KO,good,passed,optimal,optimal,True
13,DSB Iba1 103_40X_CA3,1.2,1.7142857142857142,0.9912280701754386,1.547945205479452,7,73,3,10,114,1.269817352294922,3.08694839477539,0.7,0.6403508771929824,CA3,103,2143,male,APP/PS1 x Neil3 KO,good,passed,optimal,optimal,True
14,DSB Iba1 103_40X_CTX1,0.4444444444444444,1.1428571428571428,0.4683544303797468,1.088235294117647,7,68,11,18,158,0.9360313415527344,1.7186164855957031,0.3888888888888889,0.430379746835443,CTX1,103,2143,male,APP/PS1 x Neil3 KO,good,passed,optimal,optimal,True
15,DSB Iba1 103_40X_CTX2,1.3888888888888888,1.7857142857142858,1.1932773109243695,1.6045197740112995,14,177,4,18,238,2.3061752319335938,2.9226303100585938,0.7777777777777778,0.7436974789915967,CTX2,103,2143,male,APP/PS1 x Neil3 KO,good,passed,optimal,optimal,True
16,DSB Iba1 103_40X_CTX3,1.7142857142857142,1.8,0.9247311827956988,1.5221238938053097,20,113,1,21,186,1.5970230102539062,3.26528549194336,0.9523809523809524,0.6075268817204301,CTX3,103,2143,male,APP/PS1 x Neil3 KO,good,passed,optimal,optimal,True
17,DSB Iba1 103_40X_DG,0.8235294117647058,1.1666666666666667,1.4065281899109792,1.6573426573426573,12,286,5,17,337,4.351615905761719,4.039478302001953,0.7058823529411765,0.8486646884272997,DG,103,2143,male,APP/PS1 x Neil3 KO,good,passed,optimal,optimal,True
18,DSB Iba1 104_40X_CA1,0.5454545454545454,1.2,0.582010582010582,1.1111111111111112,5,99,6,11,188,1.6148567199707031,2.782154083251953,0.4545454545454545,0.526595744680851,CA1,104,2142,male,APP/PS1 x Neil3 KO,good,passed,optimal,optimal,True
19,DSB Iba1 104_40X_CA3,0.6666666666666666,1.2,1.2662337662337662,1.788990825688073,5,109,4,9,154,1.8998146057128904,3.15399169921875,0.5555555555555556,0.7077922077922078,CA3,104,2142,male,APP/PS1 x Neil3 KO,good,passed,optimal,optimal,True
20,DSB Iba1 104_40X_CTX1,1.0714285714285714,1.5,0.765625,1.2894736842105263,20,114,8,28,192,1.8528938293457031,3.295516967773437,0.7142857142857143,0.59375,CTX1,104,2142,male,APP/PS1 x Neil3 KO,good,passed,optimal,optimal,True
21,DSB Iba1 104_40X_CTX2,1.631578947368421,2.066666666666667,1.1553398058252426,1.75,15,136,4,19,205,2.130413055419922,2.22320556640625,0.7894736842105263,0.6634146341463415,CTX2,104,2142,male,APP/PS1 x Neil3 KO,good,passed,optimal,optimal,True
22,DSB Iba1 104_40X_CTX3,0.9285714285714286,1.3,0.84,1.381578947368421,10,76,4,14,125,1.1771202087402344,1.9237518310546875,0.7142857142857143,0.608,CTX3,104,2142,male,APP/PS1 x Neil3 KO,good,passed,optimal,optimal,True
23,DSB Iba1 104_40X_DG,0.5,2.0,1.1826625386996903,1.6050420168067228,2,238,6,8,323,3.223705291748047,2.1027565002441406,0.25,0.7368421052631579,DG,104,2142,male,APP/PS1 x Neil3 KO,good,passed,optimal,optimal,True
24,DSB Iba1 105_40X_CA1,0.5,1.5,0.6166666666666667,1.1746031746031746,2,63,4,6,120,0.9904861450195312,1.6747474670410156,0.3333333333333333,0.525,CA1,105,2124,male,APP/PS1,good,passed,optimal,optimal,True
25,DSB Iba1 105_40X_CA3,0.7142857142857143,1.0,0.7849462365591398,1.431372549019608,5,51,2,7,93,0.8818626403808594,2.7174949645996094,0.7142857142857143,0.5483870967741935,CA3,105,2124,male,APP/PS1,good,passed,optimal,optimal,True
26,DSB Iba1 105_40X_CTX1,0.9090909090909092,1.5384615384615383,0.47953216374269,1.1884057971014492,13,69,9,22,171,0.6269454956054688,2.496623992919922,0.5909090909090909,0.4035087719298245,CTX1,105,2124,male,APP/PS1,good,passed,optimal,optimal,True
27,DSB Iba1 105_40X_CTX2,1.368421052631579,1.7333333333333334,1.125,1.736842105263158,15,114,4,19,176,1.6535758972167969,3.5526275634765625,0.7894736842105263,0.6477272727272727,CTX2,105,2124,male,APP/PS1,good,passed,optimal,optimal,True
28,DSB Iba1 105_40X_CTX3,1.4583333333333333,1.75,0.9230769230769232,1.5384615384615383,20,117,4,24,195,1.664447784423828,2.996444702148437,0.8333333333333334,0.6,CTX3,105,2124,male,APP/PS1,good,passed,optimal,optimal,True
29,DSB Iba1 106_40X_CA1,0.1428571428571428,1.0,0.4294871794871794,1.098360655737705,1,61,6,7,156,0.8664131164550781,1.0844230651855469,0.1428571428571428,0.391025641025641,CA1,106,2140,female,APP/PS1 x Neil3 KO,good,passed,optimal,optimal,True
30,DSB Iba1 106_40X_CA3,0.5,1.0,0.7017543859649122,1.3333333333333333,1,60,1,2,114,0.6819725036621094,0.821685791015625,0.5,0.5263157894736842,CA3,106,2140,female,APP/PS1 x Neil3 KO,good,passed,optimal,optimal,True
31,DSB Iba1 106_40X_CTX1,0.4545454545454545,1.25,0.5714285714285714,1.1666666666666667,4,96,7,11,196,1.1014938354492188,1.4286994934082031,0.3636363636363636,0.4897959183673469,CTX1,106,2140,female,APP/PS1 x Neil3 KO,good,passed,optimal,optimal,True
32,DSB Iba1 106_40X_CTX2,0.6,1.0,0.6479591836734694,1.27,3,100,2,5,196,1.137542724609375,0.7717132568359375,0.6,0.5102040816326531,CTX2,106,2140,female,APP/PS1 x Neil3 KO,good,passed,optimal,optimal,True
33,DSB Iba1 106_40X_CTX3,1.3,1.8571428571428568,0.9433962264150944,1.5789473684210529,7,95,3,10,159,1.324176788330078,0.7843017578125,0.7,0.5974842767295597,CTX3,106,2140,female,APP/PS1 x Neil3 KO,good,passed,optimal,optimal,True
34,DSB Iba1 106_40X_DG,0.5,1.3333333333333333,1.0833333333333333,1.5260869565217392,3,230,5,8,323,2.854442596435547,1.5664100646972656,0.375,0.7120743034055728,DG,106,2140,female,APP/PS1 x Neil3 KO,good,passed,optimal,optimal,True
35,DSB Iba1 107_40X_CA1,0.8571428571428571,1.5,0.7114093959731543,1.325,4,80,3,7,149,1.4398574829101562,2.02789306640625,0.5714285714285714,0.5369127516778524,CA1,107,2122,male,APP/PS1,good,passed,optimal,optimal,True
36,DSB Iba1 107_40X_CA3,0.75,1.2,0.9206349206349206,1.4871794871794872,5,78,3,8,126,1.4561653137207031,2.191638946533203,0.625,0.6190476190476191,CA3,107,2122,male,APP/PS1,good,passed,optimal,optimal,True
37,DSB Iba1 107_40X_CTX1,0.8928571428571429,1.5625,0.577922077922078,1.2191780821917808,16,73,12,28,154,1.1278152465820312,2.447032928466797,0.5714285714285714,0.474025974025974,CTX1,107,2122,male,APP/PS1,good,passed,optimal,optimal,True
38,DSB Iba1 107_40X_CTX2,1.2,1.6,1.0289855072463767,1.4489795918367347,15,147,5,20,207,2.0461082458496094,2.1589279174804688,0.75,0.7101449275362319,CTX2,107,2122,male,APP/PS1,good,passed,optimal,optimal,True
39,DSB Iba1 107_40X_CTX3,0.8666666666666667,1.3,0.7531380753138075,1.313868613138686,10,137,5,15,239,1.746368408203125,1.247882843017578,0.6666666666666666,0.5732217573221757,CTX3,107,2122,male,APP/PS1,good,passed,optimal,optimal,True
40,DSB Iba1 107_40X_DG,0.9333333333333332,1.5555555555555556,1.2686567164179106,1.5625,9,272,6,15,333,3.922653198242188,2.3932456970214844,0.6,0.8168168168168168,DG,107,2122,male,APP/PS1,good,passed,optimal,optimal,True
41,DSB Iba1 108_40X_CA1,0.6666666666666666,2.0,0.6598639455782312,1.2125,1,80,2,3,147,1.2656211853027344,0.8889198303222656,0.3333333333333333,0.54421768707483,CA1,108,2141,male,APP/PS1 x Neil3 KO,good,passed,optimal,optimal,True
42,DSB Iba1 108_40X_CA3,1.4,1.75,1.054054054054054,1.8870967741935485,4,62,1,5,111,1.3545036315917969,1.900959014892578,0.8,0.5585585585585585,CA3,108,2141,male,APP/PS1 x Neil3 KO,good,passed,optimal,optimal,True
43,DSB Iba1 108_40X_CTX1,0.6428571428571429,1.125,0.5063291139240507,1.2307692307692308,8,65,6,14,158,0.7935523986816406,1.8342018127441408,0.5714285714285714,0.4113924050632911,CTX1,108,2141,male,APP/PS1 x Neil3 KO,good,passed,optimal,optimal,True
44,DSB Iba1 108_40X_CTX2,1.181818181818182,1.3,1.1487179487179486,1.763779527559055,10,127,1,11,195,1.9483566284179688,2.82144546508789,0.9090909090909092,0.6512820512820513,CTX2,108,2141,male,APP/PS1 x Neil3 KO,good,passed,optimal,optimal,True
45,DSB Iba1 108_40X_CTX3,1.5,1.9090909090909087,0.9709302325581396,1.518181818181818,11,110,3,14,172,1.239776611328125,2.002143859863281,0.7857142857142857,0.6395348837209303,CTX3,108,2141,male,APP/PS1 x Neil3 KO,good,passed,optimal,optimal,True
46,DSB Iba1 108_40X_DG,0.9,1.2857142857142858,1.2449438202247192,1.5261707988980715,7,363,3,10,443,4.4620513916015625,2.399921417236328,0.7,0.8194130925507901,DG,108,2141,male,APP/PS1 x Neil3 KO,good,passed,optimal,optimal,True
47,DSB Iba1 16_40X_CA1,0.9365079365079364,1.923913043478261,0.8362068965517241,1.7962962962962965,92,108,97,189,232,1.0966300964355469,88.63372802734375,0.4867724867724867,0.4655172413793103,CA1,16,887,male,APP/PS1,poor,failed,suboptimal,optimal,False
48,DSB Iba1 16_40X_CA3,4.513513513513513,4.7175141242937855,4.40625,4.726256983240224,177,179,8,185,192,18.227672576904297,96.34952545166016,0.9567567567567568,0.9322916666666666,CA3,16,887,male,APP/PS1,poor,failed,suboptimal,optimal,False
49,DSB Iba1 16_40X_CTX1,0.6428571428571429,1.6875,0.6483516483516484,1.8829787234042556,16,94,26,42,272,0.8442878723144531,13.59844207763672,0.3809523809523809,0.3455882352941176,CTX1,16,887,male,APP/PS1,poor,failed,optimal,optimal,False
50,DSB Iba1 16_40X_CTX2,2.240663900414938,2.26890756302521,2.327067669172932,2.38996138996139,238,259,3,241,266,39.40544128417969,94.93074417114258,0.9875518672199172,0.9736842105263158,CTX2,16,887,male,APP/PS1,poor,failed,suboptimal,suboptimal,False
51,DSB Iba1 16_40X_CTX3,2.019230769230769,2.1,1.7385892116182573,2.053921568627451,100,204,4,104,241,9.070396423339844,54.76894378662109,0.9615384615384616,0.8464730290456431,CTX3,16,887,male,APP/PS1,poor,failed,suboptimal,optimal,False
52,DSB Iba1 16_40X_DG,0.6628959276018099,1.3820754716981132,0.6535087719298246,1.3796296296296295,212,216,230,438,452,1.1308670043945312,87.15362548828125,0.4840182648401826,0.4778761061946903,DG,16,887,male,APP/PS1,poor,failed,suboptimal,optimal,False
53,DSB Iba1 17_40X_CA1,1.818181818181818,2.5,2.76530612244898,3.985294117647059,8,136,3,11,196,2.456283569335937,5.763816833496094,0.7272727272727273,0.6938775510204082,CA1,17,892,female,APP/PS1,poor,failed,optimal,optimal,False
54,DSB Iba1 17_40X_CA3,1.3157894736842106,1.9230769230769231,3.6174863387978142,4.762589928057554,13,139,6,19,183,5.110073089599609,6.432056427001953,0.6842105263157895,0.7595628415300546,CA3,17,892,female,APP/PS1,poor,failed,optimal,optimal,False
55,DSB Iba1 17_40X_CTX1,2.411764705882353,2.9285714285714284,1.2769230769230768,2.141935483870968,14,155,3,17,260,1.3278961181640625,2.645301818847656,0.8235294117647058,0.5961538461538461,CTX1,17,892,female,APP/PS1,poor,failed,optimal,optimal,False
56,DSB Iba1 17_40X_CTX2,2.8461538461538463,2.9019607843137254,2.552980132450331,2.6404109589041096,51,292,1,52,302,29.74271774291992,11.802101135253906,0.9807692307692308,0.9668874172185432,CTX2,17,892,female,APP/PS1,poor,failed,optimal,optimal,False
57,DSB Iba1 17_40X_CTX3,2.6296296296296298,2.6296296296296298,2.8944444444444444,3.196319018404908,27,163,0,27,180,18.192768096923828,9.359455108642578,1.0,0.9055555555555556,CTX3,17,892,female,APP/PS1,poor,failed,optimal,optimal,False
58,DSB Iba1 17_40X_DG,3.12751677852349,3.352517985611511,2.543560606060606,2.971238938053097,139,452,10,149,525,5.62286376953125,44.40708160400391,0.9328859060402684,0.8609523809523809,DG,17,892,female,APP/PS1,poor,failed,suboptimal,optimal,False
59,DSB Iba1 18_40X_CA1,1.3571428571428572,1.3571428571428572,2.5347222222222223,2.5347222222222223,14,144,0,14,144,71.99668884277344,10.935688018798828,1.0,1.0,CA1,18,231,male,APP/PS1 x Neil3 KO,poor,failed,optimal,suboptimal,False
60,DSB Iba1 18_40X_CA3,1.9166666666666667,1.9166666666666667,4.074074074074074,4.11214953271028,12,107,0,12,108,36.4354133605957,7.825183868408203,1.0,0.9907407407407408,CA3,18,231,male,APP/PS1 x Neil3 KO,poor,failed,optimal,suboptimal,False
61,DSB Iba1 18_40X_CTX1,1.8421052631578947,2.6923076923076925,1.88,2.858108108108108,13,148,6,19,225,3.354072570800781,3.196430206298828,0.6842105263157895,0.6577777777777778,CTX1,18,231,male,APP/PS1 x Neil3 KO,poor,failed,optimal,optimal,False
62,DSB Iba1 18_40X_CTX2,3.2,3.2,3.7294117647058815,3.865853658536585,20,246,0,20,255,40.91596603393555,5.939960479736328,1.0,0.9647058823529412,CTX2,18,231,male,APP/PS1 x Neil3 KO,poor,failed,optimal,suboptimal,False
63,DSB Iba1 18_40X_CTX3,3.0588235294117645,3.466666666666667,2.5789473684210527,3.392307692307692,15,130,2,17,171,18.92385482788086,1.9624710083007808,0.8823529411764706,0.7602339181286549,CTX3,18,231,male,APP/PS1 x Neil3 KO,poor,failed,optimal,optimal,False
64,DSB Iba1 18_40X_DG,1.1826923076923077,1.1826923076923077,1.8034188034188037,1.8034188034188037,104,351,0,104,351,83.64906311035156,53.77206802368164,1.0,1.0,DG,18,231,male,APP/PS1 x Neil3 KO,poor,failed,suboptimal,suboptimal,False
65,DSB Iba1 19_40X_CA1,1.0,1.0,1.0,1.0,66,68,0,66,68,99.50284957885742,97.84984588623048,1.0,1.0,CA1,19,154,female,APP/PS1 x Neil3 KO,poor,failed,suboptimal,suboptimal,False
66,DSB Iba1 19_40X_CA3,1.0140845070422535,1.0140845070422535,1.0136986301369864,1.0136986301369864,71,73,0,71,73,99.35731887817384,98.4278678894043,1.0,1.0,CA3,19,154,female,APP/PS1 x Neil3 KO,poor,failed,suboptimal,suboptimal,False
67,DSB Iba1 19_40X_CTX1,1.004739336492891,1.004739336492891,1.0047169811320755,1.0047169811320755,211,212,0,211,212,99.45621490478516,98.5675811767578,1.0,1.0,CTX1,19,154,female,APP/PS1 x Neil3 KO,poor,failed,suboptimal,suboptimal,False
68,DSB Iba1 19_40X_CTX2,1.0138888888888888,1.0138888888888888,1.0444444444444445,1.0444444444444445,72,90,0,71,89,97.04084396362305,92.62237548828124,1.0140845070422535,1.0112359550561798,CTX2,19,154,female,APP/PS1 x Neil3 KO,poor,failed,suboptimal,suboptimal,False
69,DSB Iba1 19_40X_CTX3,1.0,1.0,1.0,1.0,103,124,0,103,124,98.70357513427734,87.97607421875,1.0,1.0,CTX3,19,154,female,APP/PS1 x Neil3 KO,poor,failed,suboptimal,suboptimal,False
70,DSB Iba1 19_40X_DG,1.0,1.0,1.0,1.0,127,128,0,127,128,99.53365325927734,97.98297882080078,1.0,1.0,DG,19,154,female,APP/PS1 x Neil3 KO,poor,failed,suboptimal,suboptimal,False
71,DSB Iba1 20_40X_CA1,1.0,1.5,0.6645161290322581,1.3037974683544304,4,79,2,6,155,0.7762908935546875,1.447296142578125,0.6666666666666666,0.5096774193548387,CA1,20,1887,male,APP/PS1 x Neil3 KO,good,passed,optimal,optimal,True
72,DSB Iba1 20_40X_CA3,1.6,2.0,1.3245614035087718,2.126760563380281,4,71,1,5,114,1.1053085327148438,1.717853546142578,0.8,0.6228070175438597,CA3,20,1887,male,APP/PS1 x Neil3 KO,good,passed,optimal,optimal,True
73,DSB Iba1 20_40X_CTX1,1.0,1.6666666666666667,0.5151515151515151,1.2289156626506024,3,83,2,5,198,0.4868507385253906,0.8257865905761719,0.6,0.4191919191919191,CTX1,20,1887,male,APP/PS1 x Neil3 KO,good,passed,optimal,optimal,True
74,DSB Iba1 20_40X_CTX2,1.5,1.8333333333333333,1.069182389937107,1.6037735849056605,18,106,4,22,159,0.9496688842773438,2.0682334899902344,0.8181818181818182,0.6666666666666666,CTX2,20,1887,male,APP/PS1 x Neil3 KO,good,passed,optimal,optimal,True
75,DSB Iba1 20_40X_CTX3,0.6666666666666666,2.0,0.532608695652174,1.3611111111111112,1,36,2,3,92,0.5314826965332031,0.5598068237304688,0.3333333333333333,0.391304347826087,CTX3,20,1887,male,APP/PS1 x Neil3 KO,good,passed,optimal,optimal,True
76,DSB Iba1 20_40X_DG,1.0,1.4,1.435483870967742,1.7682119205298013,5,302,2,7,372,2.3174285888671875,2.923774719238281,0.7142857142857143,0.8118279569892473,DG,20,1887,male,APP/PS1 x Neil3 KO,good,passed,optimal,optimal,True
77,DSB Iba1 21_40X_CA1,1.0,1.5714285714285714,0.851063829787234,1.3333333333333333,7,90,4,11,141,0.7778167724609375,2.5424957275390625,0.6363636363636364,0.6382978723404256,CA1,21,1891,female,APP/PS1 x Neil3 KO,good,passed,optimal,optimal,True
78,DSB Iba1 21_40X_CA3,0.5,1.0,1.0,1.7833333333333334,2,60,2,4,107,0.7436752319335938,1.3544082641601562,0.5,0.5607476635514018,CA3,21,1891,female,APP/PS1 x Neil3 KO,good,passed,optimal,optimal,True
79,DSB Iba1 21_40X_CTX1,1.588235294117647,2.076923076923077,0.695,1.376237623762376,13,101,4,17,200,0.9168624877929688,3.311634063720703,0.7647058823529411,0.505,CTX1,21,1891,female,APP/PS1 x Neil3 KO,good,passed,optimal,optimal,True
80,DSB Iba1 21_40X_CTX2,1.2666666666666666,1.4615384615384617,0.7688888888888888,1.3410852713178294,13,129,2,15,225,1.0347366333007812,3.338623046875,0.8666666666666667,0.5733333333333334,CTX2,21,1891,female,APP/PS1 x Neil3 KO,good,passed,optimal,optimal,True
81,DSB Iba1 21_40X_CTX3,1.4782608695652173,2.0,1.0824742268041236,2.019230769230769,17,104,6,23,194,1.0148048400878906,4.697036743164063,0.7391304347826086,0.5360824742268041,CTX3,21,1891,female,APP/PS1 x Neil3 KO,good,passed,optimal,optimal,True
82,DSB Iba1 21_40X_DG,0.9333333333333332,1.4,1.1310679611650485,1.4793650793650794,10,315,5,15,409,2.2064208984375,3.5135269165039062,0.6666666666666666,0.7701711491442543,DG,21,1891,female,APP/PS1 x Neil3 KO,good,passed,optimal,optimal,True
83,DSB Iba1 22_40X_CA1,1.0,1.9,1.206896551724138,1.9626168224299063,10,107,9,19,174,1.2415885925292969,6.178569793701172,0.5263157894736842,0.6149425287356322,CA1,22,2041,female,APP/PS1,good,passed,optimal,optimal,True
84,DSB Iba1 22_40X_CA3,2.1666666666666665,2.1666666666666665,1.2302158273381294,2.25,6,76,0,6,139,1.2543678283691406,3.7606239318847656,1.0,0.5467625899280576,CA3,22,2041,female,APP/PS1,good,passed,optimal,optimal,True
85,DSB Iba1 22_40X_CTX1,1.5,2.5,1.2880658436213992,2.045751633986928,6,153,4,10,243,1.403045654296875,3.637123107910156,0.6,0.6296296296296297,CTX1,22,2041,female,APP/PS1,good,passed,optimal,optimal,True
86,DSB Iba1 22_40X_CTX2,1.0588235294117647,2.0,1.0454545454545454,2.0145985401459856,9,137,8,17,264,1.3582229614257812,4.0191650390625,0.5294117647058824,0.5189393939393939,CTX2,22,2041,female,APP/PS1,good,passed,optimal,optimal,True
87,DSB Iba1 22_40X_CTX3,1.25,2.0,0.3928571428571428,1.32,5,50,3,8,168,0.2514839172363281,0.730133056640625,0.625,0.2976190476190476,CTX3,22,2041,female,APP/PS1,good,passed,optimal,optimal,True
88,DSB Iba1 22_40X_DG,1.7647058823529411,2.0,1.633838383838384,1.9313432835820896,15,335,2,17,395,3.1919479370117188,5.748558044433594,0.8823529411764706,0.8481012658227848,DG,22,2041,female,APP/PS1,good,passed,optimal,optimal,True
89,DSB Iba1 23_40X_CA1,1.0,2.6666666666666665,0.6617647058823529,1.3043478260869563,3,69,5,8,136,0.5928993225097656,4.248046875,0.375,0.5073529411764706,CA1,23,2042,male,APP/PS1,good,passed,optimal,optimal,True
90,DSB Iba1 23_40X_CA3,0.875,1.75,0.6491228070175439,1.5416666666666667,4,48,4,8,114,0.531768798828125,2.08120346069336,0.5,0.4210526315789473,CA3,23,2042,male,APP/PS1,good,passed,optimal,optimal,True
91,DSB Iba1 23_40X_CTX1,0.56,1.2727272727272727,0.387434554973822,1.15625,11,64,14,25,191,0.4361152648925781,5.792427062988281,0.44,0.3350785340314136,CTX1,23,2042,male,APP/PS1,good,passed,optimal,optimal,True
92,DSB Iba1 23_40X_CTX2,0.0,,0.075,1.125,0,16,5,5,240,0.0720024108886718,0.7174491882324219,0.0,0.0666666666666666,CTX2,23,2042,male,APP/PS1,good,passed,optimal,optimal,True
93,DSB Iba1 23_40X_CTX3,0.9090909090909092,1.25,0.7905405405405406,1.4444444444444444,8,81,3,11,148,0.6974220275878906,2.988147735595703,0.7272727272727273,0.5472972972972973,CTX3,23,2042,male,APP/PS1,good,passed,optimal,optimal,True
94,DSB Iba1 23_40X_DG,1.0,1.4545454545454546,1.122969837587007,1.4622356495468278,11,331,5,16,429,1.8776893615722656,7.934856414794922,0.6875,0.7715617715617715,DG,23,2042,male,APP/PS1,good,passed,optimal,optimal,True
95,DSB Iba1 24_40X_CA1,0.0,,0.5642458100558659,1.6031746031746033,0,63,6,6,179,0.4246711730957031,0.7791519165039062,0.0,0.3519553072625698,CA1,24,887,male,APP/PS1,good,passed,optimal,optimal,True
96,DSB Iba1 24_40X_CA3,0.25,1.0,0.6,1.4375,1,48,3,4,115,0.2900123596191406,0.9073257446289062,0.25,0.417391304347826,CA3,24,887,male,APP/PS1,good,passed,optimal,optimal,True
97,DSB Iba1 24_40X_CTX1,0.0,,0.1933701657458563,1.2962962962962965,0,27,19,19,181,0.2356529235839843,1.7583847045898438,0.0,0.149171270718232,CTX1,24,887,male,APP/PS1,good,passed,optimal,optimal,True
98,DSB Iba1 24_40X_CTX2,0.7058823529411765,1.2,0.4555984555984556,1.3563218390804597,10,87,7,17,259,0.5938529968261719,3.3802032470703125,0.5882352941176471,0.3359073359073359,CTX2,24,887,male,APP/PS1,good,passed,optimal,optimal,True
99,DSB Iba1 24_40X_CTX3,0.0769230769230769,1.0,0.5473684210526316,1.793103448275862,1,58,12,13,190,0.5388259887695312,1.4982223510742188,0.0769230769230769,0.3052631578947368,CTX3,24,887,male,APP/PS1,good,passed,optimal,optimal,True
100,DSB Iba1 24_40X_DG,0.0,,0.1348314606741573,1.2413793103448276,0,29,8,8,267,0.1180648803710937,0.8672714233398438,0.0,0.1086142322097378,DG,24,887,male,APP/PS1,good,passed,optimal,optimal,True
101,DSB Iba1 25_40X_CA1,1.375,1.8333333333333333,1.6158940397350994,2.259259259259259,6,108,2,8,151,1.3138771057128906,3.17068099975586,0.75,0.7152317880794702,CA1,25,2014,male,APP/PS1,good,passed,optimal,optimal,True
102,DSB Iba1 25_40X_CA3,1.2222222222222223,1.375,1.9197080291970805,3.058139534883721,8,86,1,9,137,2.0705223083496094,2.813243865966797,0.8888888888888888,0.6277372262773723,CA3,25,2014,male,APP/PS1,good,passed,optimal,optimal,True
103,DSB Iba1 25_40X_CTX1,0.56,1.2727272727272727,0.6090225563909775,1.265625,11,64,14,25,133,0.565338134765625,3.438568115234375,0.44,0.4812030075187969,CTX1,25,2014,male,APP/PS1,good,passed,optimal,optimal,True
104,DSB Iba1 25_40X_CTX2,1.65,2.2,1.78125,2.7142857142857144,15,126,5,20,192,1.6091346740722656,6.374835968017578,0.75,0.65625,CTX2,25,2014,male,APP/PS1,good,passed,optimal,optimal,True
105,DSB Iba1 25_40X_CTX3,1.3333333333333333,1.7142857142857142,2.2216216216216216,2.8541666666666665,7,144,2,9,185,1.6841888427734375,2.7411460876464844,0.7777777777777778,0.7783783783783784,CTX3,25,2014,male,APP/PS1,good,passed,optimal,optimal,True
106,DSB Iba1 25_40X_DG,2.1333333333333333,2.4615384615384617,2.067469879518072,2.2698412698412698,13,378,2,15,415,4.139518737792969,3.351020812988281,0.8666666666666667,0.910843373493976,DG,25,2014,male,APP/PS1,good,passed,optimal,optimal,True
107,DSB Iba1 26_40X_CA1,2.571428571428572,3.0,3.4571428571428573,3.934959349593496,6,123,1,7,140,7.658481597900391,5.84564208984375,0.8571428571428571,0.8785714285714286,CA1,26,231,male,APP/PS1 x Neil3 KO,poor,failed,optimal,optimal,False
108,DSB Iba1 26_40X_CA3,3.6,3.6,3.796875,4.189655172413793,5,58,0,5,64,14.291000366210938,6.870269775390625,1.0,0.90625,CA3,26,231,male,APP/PS1 x Neil3 KO,poor,failed,optimal,optimal,False
109,DSB Iba1 26_40X_CTX1,1.5,1.5,1.9553571428571428,1.990909090909091,8,110,0,8,112,48.14224243164063,11.133575439453123,1.0,0.9821428571428572,CTX1,26,231,male,APP/PS1 x Neil3 KO,poor,failed,optimal,suboptimal,False
110,DSB Iba1 26_40X_CTX2,1.6666666666666667,1.6666666666666667,2.411764705882353,2.4322033898305087,15,118,0,15,119,50.63896179199219,13.045120239257812,1.0,0.9915966386554622,CTX2,26,231,male,APP/PS1 x Neil3 KO,poor,failed,optimal,suboptimal,False
111,DSB Iba1 26_40X_CTX3,1.818181818181818,1.818181818181818,1.594059405940594,1.594059405940594,11,101,0,11,101,60.15052795410156,27.424240112304688,1.0,1.0,CTX3,26,231,male,APP/PS1 x Neil3 KO,poor,failed,optimal,suboptimal,False
112,DSB Iba1 26_40X_DG,4.166666666666667,4.166666666666667,3.54957507082153,3.808510638297872,12,329,0,12,353,15.996170043945312,7.449054718017578,1.0,0.9320113314447592,DG,26,231,male,APP/PS1 x Neil3 KO,poor,failed,optimal,optimal,False
113,DSB Iba1 27_40X_DG,2.5,2.5,2.2764976958525347,2.3864734299516908,4,207,0,4,217,37.166595458984375,1.7447471618652344,1.0,0.9539170506912442,DG,27,147,female,APP/PS1,poor,passed,optimal,suboptimal,False
114,DSB Iba1 28_40X_CA1,0.0,,0.8023255813953488,1.2545454545454546,0,55,2,2,85,1.17950439453125,2.5665283203125,0.0,0.6470588235294118,CA1,28,1887,male,APP/PS1 x Neil3 KO,good,passed,optimal,optimal,True
115,DSB Iba1 28_40X_CA3,1.0,1.0,0.5223880597014925,1.3461538461538465,1,26,0,1,67,1.036834716796875,2.448272705078125,1.0,0.3880597014925373,CA3,28,1887,male,APP/PS1 x Neil3 KO,good,passed,optimal,optimal,True
116,DSB Iba1 28_40X_CTX1,1.0,1.5,0.6923076923076923,1.44,2,50,1,3,104,1.6277313232421875,3.2138824462890625,0.6666666666666666,0.4807692307692308,CTX1,28,1887,male,APP/PS1 x Neil3 KO,good,passed,optimal,optimal,True
117,DSB Iba1 28_40X_CTX2,0.8461538461538461,1.5714285714285714,0.927536231884058,1.9393939393939397,7,99,6,13,207,0.6724357604980469,2.5005340576171875,0.5384615384615384,0.4782608695652174,CTX2,28,1887,male,APP/PS1 x Neil3 KO,good,passed,optimal,optimal,True
118,DSB Iba1 28_40X_CTX3,1.0909090909090908,1.3333333333333333,1.3451776649746192,1.8928571428571428,9,140,2,11,197,0.9607315063476562,2.412891387939453,0.8181818181818182,0.7106598984771574,CTX3,28,1887,male,APP/PS1 x Neil3 KO,good,passed,optimal,optimal,True
119,DSB Iba1 28_40X_DG,2.823529411764706,2.823529411764706,2.452247191011236,2.686153846153846,17,325,0,17,356,4.607105255126953,7.0148468017578125,1.0,0.9129213483146068,DG,28,1887,male,APP/PS1 x Neil3 KO,good,passed,optimal,optimal,True
120,DSB Iba1 29_40X_CA1,1.4,1.5555555555555556,0.7718120805369127,1.2921348314606742,9,89,1,10,149,0.8039474487304688,2.208709716796875,0.9,0.5973154362416108,CA1,29,1891,female,APP/PS1 x Neil3 KO,good,passed,optimal,optimal,True
121,DSB Iba1 29_40X_CA3,1.0,1.25,0.6386554621848739,1.4901960784313726,4,51,1,5,119,0.6873130798339844,1.9129753112792969,0.8,0.4285714285714285,CA3,29,1891,female,APP/PS1 x Neil3 KO,good,passed,optimal,optimal,True
122,DSB Iba1 29_40X_CTX1,1.125,1.6363636363636365,0.7939698492462312,1.462962962962963,11,108,5,16,199,0.9842872619628906,5.022335052490234,0.6875,0.542713567839196,CTX1,29,1891,female,APP/PS1 x Neil3 KO,good,passed,optimal,optimal,True
123,DSB Iba1 29_40X_CTX2,1.1923076923076923,1.631578947368421,1.177664974619289,1.6934306569343065,19,137,7,26,197,1.365375518798828,7.678985595703125,0.7307692307692307,0.6954314720812182,CTX2,29,1891,female,APP/PS1 x Neil3 KO,good,passed,optimal,optimal,True
124,DSB Iba1 29_40X_CTX3,0.9375,1.1538461538461535,0.5952380952380952,1.3157894736842106,13,76,3,16,168,0.4662513732910156,3.7689208984375,0.8125,0.4523809523809524,CTX3,29,1891,female,APP/PS1 x Neil3 KO,good,passed,optimal,optimal,True
125,DSB Iba1 29_40X_DG,1.0,1.5,1.025974025974026,1.4363636363636365,4,275,2,6,385,2.083301544189453,2.2146224975585938,0.6666666666666666,0.7142857142857143,DG,29,1891,female,APP/PS1 x Neil3 KO,good,passed,optimal,optimal,True
126,DSB Iba1 30_40X_CA1,0.0,,0.528169014084507,1.3392857142857142,0,56,6,6,142,0.4213333129882812,1.6625404357910156,0.0,0.3943661971830985,CA1,30,2041,female,APP/PS1,good,passed,optimal,optimal,True
127,DSB Iba1 30_40X_CA3,1.0,1.3333333333333333,0.8543689320388349,1.5714285714285714,3,56,1,4,103,0.7200241088867188,1.3019561767578125,0.75,0.5436893203883495,CA3,30,2041,female,APP/PS1,good,passed,optimal,optimal,True
128,DSB Iba1 30_40X_CTX1,0.7692307692307693,1.5384615384615383,0.4444444444444444,1.181818181818182,13,88,13,26,234,0.4976272583007812,2.780723571777344,0.5,0.376068376068376,CTX1,30,2041,female,APP/PS1,good,passed,optimal,optimal,True
129,DSB Iba1 30_40X_CTX2,0.5,1.5714285714285714,0.5152671755725191,1.3235294117647058,7,102,15,22,262,0.5642890930175781,2.3637771606445312,0.3181818181818182,0.3893129770992366,CTX2,30,2041,female,APP/PS1,good,passed,optimal,optimal,True
130,DSB Iba1 30_40X_CTX3,0.6153846153846154,1.3333333333333333,0.3668341708542713,1.351851851851852,6,54,7,13,199,0.2711296081542969,1.4829635620117188,0.4615384615384615,0.271356783919598,CTX3,30,2041,female,APP/PS1,good,passed,optimal,optimal,True
131,DSB Iba1 30_40X_DG,0.8,2.0,1.1607629427792916,1.7387755102040816,2,245,3,5,366,1.5737533569335938,2.1762847900390625,0.4,0.6693989071038251,DG,30,2041,female,APP/PS1,good,passed,optimal,optimal,True
132,DSB Iba1 31_40X_CA1,1.3636363636363635,1.875,1.0059880239520955,1.5555555555555556,8,108,3,11,167,0.908184051513672,3.847122192382813,0.7272727272727273,0.6467065868263473,CA1,31,2042,male,APP/PS1,good,passed,optimal,optimal,True
133,DSB Iba1 31_40X_CA3,2.0,2.0,0.9672131147540984,1.487394957983193,1,119,0,1,183,1.42059326171875,1.217937469482422,1.0,0.6502732240437158,CA3,31,2042,male,APP/PS1,good,passed,optimal,optimal,True
134,DSB Iba1 31_40X_CTX1,1.0,1.8333333333333333,0.4766839378238341,1.1794871794871795,6,78,5,11,192,0.45013427734375,3.5140037536621094,0.5454545454545454,0.40625,CTX1,31,2042,male,APP/PS1,good,passed,optimal,optimal,True
135,DSB Iba1 31_40X_CTX2,0.5882352941176471,1.4285714285714286,0.6208333333333333,1.2735042735042734,7,117,10,17,239,0.5597114562988281,2.959632873535156,0.4117647058823529,0.4895397489539749,CTX2,31,2042,male,APP/PS1,good,passed,optimal,optimal,True
136,DSB Iba1 31_40X_CTX3,1.1538461538461535,1.5,0.9178082191780822,1.6144578313253013,10,83,3,13,146,0.7208824157714844,3.2898902893066406,0.7692307692307693,0.5684931506849316,CTX3,31,2042,male,APP/PS1,good,passed,optimal,optimal,True
137,DSB Iba1 31_40X_DG,1.5,1.9090909090909087,1.6540880503144657,1.940959409594096,11,271,3,14,318,2.163314819335937,3.90176773071289,0.7857142857142857,0.8522012578616353,DG,31,2042,male,APP/PS1,good,passed,optimal,optimal,True
138,DSB Iba1 32_40X_CA1,4.277777777777778,4.277777777777778,4.491891891891892,4.591160220994476,18,181,0,18,185,24.217510223388672,14.134979248046877,1.0,0.9783783783783784,CA1,32,253,female,APP/PS1 x Neil3 KO,poor,failed,optimal,optimal,False
139,DSB Iba1 32_40X_CA3,1.7058823529411764,1.8125,3.903703703703704,4.022900763358779,16,131,1,17,135,35.25991439819336,14.082717895507812,0.9411764705882352,0.9703703703703704,CA3,32,253,female,APP/PS1 x Neil3 KO,poor,failed,optimal,optimal,False
140,DSB Iba1 32_40X_CTX1,2.3870967741935485,2.466666666666667,4.686206896551724,4.8021201413427566,30,283,1,31,290,26.068115234375,14.151763916015623,0.967741935483871,0.9758620689655172,CTX1,32,253,female,APP/PS1 x Neil3 KO,poor,failed,optimal,optimal,False
141,DSB Iba1 32_40X_CTX2,1.6578947368421053,1.7027027027027026,2.533613445378151,2.555084745762712,37,236,1,38,238,45.59593200683594,17.71411895751953,0.9736842105263158,0.9915966386554622,CTX2,32,253,female,APP/PS1 x Neil3 KO,poor,failed,optimal,suboptimal,False
142,DSB Iba1 32_40X_CTX3,2.814814814814815,3.04,4.117977528089888,4.4156626506024095,25,166,2,27,178,16.32986068725586,10.771465301513672,0.925925925925926,0.9325842696629212,CTX3,32,253,female,APP/PS1 x Neil3 KO,poor,failed,optimal,optimal,False
143,DSB Iba1 32_40X_DG,2.80327868852459,2.8983050847457625,3.861575178997613,4.024875621890548,59,402,2,60,415,20.56293487548828,27.629661560058597,0.9833333333333332,0.9686746987951808,DG,32,253,female,APP/PS1 x Neil3 KO,poor,failed,optimal,optimal,False
144,DSB Iba1 33_40X_CA1,1.0,1.6666666666666667,0.759493670886076,1.3333333333333333,3,90,2,5,158,0.8049964904785156,2.395153045654297,0.6,0.569620253164557,CA1,33,1996,female,APP/PS1 x Neil3 KO,good,passed,optimal,optimal,True
145,DSB Iba1 33_40X_CA3,1.0,1.75,0.9619565217391304,1.462809917355372,4,121,3,7,184,1.3813972473144531,1.8873214721679688,0.5714285714285714,0.657608695652174,CA3,33,1996,female,APP/PS1 x Neil3 KO,good,passed,optimal,optimal,True
146,DSB Iba1 33_40X_CTX1,0.7,1.4,0.6696428571428571,1.2295081967213115,5,122,5,10,224,1.5479087829589844,1.194000244140625,0.5,0.5446428571428571,CTX1,33,1996,female,APP/PS1 x Neil3 KO,good,passed,optimal,optimal,True
147,DSB Iba1 33_40X_CTX2,1.2666666666666666,1.7272727272727273,1.3214285714285714,1.9770992366412212,11,131,4,15,196,1.5409469604492188,2.6653289794921875,0.7333333333333333,0.6683673469387755,CTX2,33,1996,female,APP/PS1 x Neil3 KO,good,passed,optimal,optimal,True
148,DSB Iba1 33_40X_CTX3,0.7777777777777778,1.4,0.8301886792452831,1.5172413793103448,5,87,4,9,159,0.8223533630371094,2.5826454162597656,0.5555555555555556,0.5471698113207547,CTX3,33,1996,female,APP/PS1 x Neil3 KO,good,passed,optimal,optimal,True
149,DSB Iba1 33_40X_DG,1.0,2.0,1.528169014084507,1.8706896551724137,4,348,4,8,425,3.18288803100586,3.2654762268066406,0.5,0.8188235294117647,DG,33,1996,female,APP/PS1 x Neil3 KO,good,passed,optimal,optimal,True
150,DSB Iba1 34_40X_CA1,3.090909090909091,3.090909090909091,3.9518716577540105,4.151685393258427,11,178,0,11,187,11.618709564208984,5.395984649658203,1.0,0.9518716577540108,CA1,34,885,male,APP/PS1,poor,passed,optimal,optimal,True
151,DSB Iba1 34_40X_CA3,2.8,2.8,5.311787072243346,5.65587044534413,5,247,0,5,263,18.45865249633789,4.882526397705078,1.0,0.9391634980988594,CA3,34,885,male,APP/PS1,poor,passed,optimal,optimal,True
152,DSB Iba1 34_40X_CTX1,2.4545454545454546,2.7,3.251700680272109,3.763779527559055,20,254,2,22,294,9.898662567138672,6.429195404052734,0.9090909090909092,0.8639455782312925,CTX1,34,885,male,APP/PS1,poor,passed,optimal,optimal,True
153,DSB Iba1 34_40X_CTX2,2.185185185185185,2.269230769230769,3.285171102661597,3.456,26,250,1,27,263,30.911731719970703,9.55486297607422,0.9629629629629628,0.9505703422053232,CTX2,34,885,male,APP/PS1,poor,passed,optimal,optimal,True
154,DSB Iba1 34_40X_CTX3,1.8846153846153848,1.8846153846153848,2.2740384615384617,2.425641025641025,26,195,0,26,208,8.549880981445312,7.129859924316406,1.0,0.9375,CTX3,34,885,male,APP/PS1,poor,passed,optimal,optimal,True
155,DSB Iba1 34_40X_DG,2.3684210526315788,2.3684210526315788,4.117824773413897,4.219814241486068,19,323,0,19,330,13.27676773071289,9.005355834960938,1.0,0.9787878787878788,DG,34,885,male,APP/PS1,poor,passed,optimal,optimal,True
156,DSB Iba1 35_40X_CA1,0.9,1.8,0.5157894736842106,1.6333333333333333,5,60,5,10,190,0.7157325744628906,3.268909454345703,0.5,0.3157894736842105,CA1,35,305,male,APP/PS1 x Neil3 KO,poor,passed,optimal,optimal,False
157,DSB Iba1 35_40X_CA3,2.6206896551724137,3.04,3.893258426966292,4.559210526315789,25,152,4,29,178,13.22774887084961,21.71812057495117,0.8620689655172413,0.8539325842696629,CA3,35,305,male,APP/PS1 x Neil3 KO,poor,passed,optimal,optimal,False
158,DSB Iba1 35_40X_CTX1,1.1111111111111112,2.0,0.6504065040650406,1.649484536082474,10,97,8,18,246,0.7575035095214844,4.521656036376953,0.5555555555555556,0.3943089430894309,CTX1,35,305,male,APP/PS1 x Neil3 KO,poor,passed,optimal,optimal,False
159,DSB Iba1 35_40X_CTX2,2.045045045045045,2.0825688073394497,2.146067415730337,2.348360655737705,109,244,2,111,267,23.38438034057617,49.62272644042969,0.981981981981982,0.9138576779026216,CTX2,35,305,male,APP/PS1 x Neil3 KO,poor,passed,suboptimal,optimal,False
160,DSB Iba1 35_40X_CTX3,2.325,2.3846153846153846,3.231527093596059,3.4345549738219896,78,191,2,80,203,13.570690155029297,36.1638069152832,0.975,0.9408866995073892,CTX3,35,305,male,APP/PS1 x Neil3 KO,poor,passed,optimal,optimal,False
161,DSB Iba1 35_40X_DG,2.485074626865672,2.664,2.8708920187793425,3.0962025316455697,125,395,9,134,426,13.68703842163086,46.29859924316406,0.9328358208955224,0.9272300469483568,DG,35,305,male,APP/PS1 x Neil3 KO,poor,passed,suboptimal,optimal,False
162,DSB Iba1 36_40X_CA1,1.25,1.4285714285714286,1.0666666666666669,1.5042735042735045,7,117,1,8,165,1.4990806579589844,2.2858619689941406,0.875,0.7090909090909091,CA1,36,2012,male,APP/PS1,good,passed,optimal,optimal,True
163,DSB Iba1 36_40X_CA3,1.0,2.0,1.0,1.546875,3,64,3,6,99,1.174163818359375,1.1386871337890625,0.5,0.6464646464646465,CA3,36,2012,male,APP/PS1,good,passed,optimal,optimal,True
164,DSB Iba1 36_40X_CTX1,1.875,2.142857142857143,1.9855769230769231,2.4730538922155687,14,167,2,16,208,2.8151512145996094,3.605270385742188,0.875,0.8028846153846154,CTX1,36,2012,male,APP/PS1,good,passed,optimal,optimal,True
165,DSB Iba1 36_40X_CTX2,1.4482758620689655,1.826086956521739,1.264840182648402,1.720496894409938,23,161,6,29,219,2.0681381225585938,4.596138000488281,0.7931034482758621,0.7351598173515982,CTX2,36,2012,male,APP/PS1,good,passed,optimal,optimal,True
166,DSB Iba1 36_40X_CTX3,1.7,2.125,1.1965317919075145,1.5923076923076922,8,130,2,10,173,1.329326629638672,2.627086639404297,0.8,0.7514450867052023,CTX3,36,2012,male,APP/PS1,good,passed,optimal,optimal,True
167,DSB Iba1 36_40X_DG,1.6,1.6,1.663716814159292,1.9515570934256052,5,289,0,5,339,4.043292999267578,1.8873214721679688,1.0,0.8525073746312685,DG,36,2012,male,APP/PS1,good,passed,optimal,optimal,True
168,DSB Iba1 37_40X_CA1,1.0,1.75,1.2692307692307692,2.2427184466019416,4,103,3,7,182,1.2406349182128906,1.4169692993164062,0.5714285714285714,0.5659340659340659,CA1,37,892,female,APP/PS1,good,passed,optimal,optimal,True
169,DSB Iba1 37_40X_CA3,0.7272727272727273,1.3333333333333333,1.6164383561643836,2.95,6,80,5,11,146,1.8404960632324217,3.2583236694335938,0.5454545454545454,0.547945205479452,CA3,37,892,female,APP/PS1,good,passed,optimal,optimal,True
170,DSB Iba1 37_40X_CTX1,1.7692307692307692,2.090909090909091,1.6403508771929824,2.2666666666666666,11,165,2,13,228,2.520465850830078,2.8922080993652344,0.8461538461538461,0.7236842105263158,CTX1,37,892,female,APP/PS1,good,passed,optimal,optimal,True
171,DSB Iba1 37_40X_CTX2,1.5833333333333333,2.235294117647059,2.2758620689655173,2.6283185840707963,17,226,7,24,261,5.1082611083984375,6.322193145751953,0.7083333333333334,0.8659003831417624,CTX2,37,892,female,APP/PS1,good,passed,optimal,optimal,True
172,DSB Iba1 37_40X_CTX3,1.793103448275862,2.363636363636364,1.4883720930232558,2.115702479338843,22,121,7,29,172,3.800201416015625,5.652999877929688,0.7586206896551724,0.7034883720930233,CTX3,37,892,female,APP/PS1,good,passed,optimal,optimal,True
173,DSB Iba1 37_40X_DG,1.4285714285714286,2.5,1.911845730027548,2.2904290429042904,4,303,3,7,362,4.963588714599609,2.9592514038085938,0.5714285714285714,0.8370165745856354,DG,37,892,female,APP/PS1,good,passed,optimal,optimal,True
174,DSB Iba1 38_40X_DG,1.0,1.0,1.276190476190476,1.2884615384615383,4,104,0,4,105,36.49396896362305,1.724529266357422,1.0,0.9904761904761904,DG,38,154,female,APP/PS1 x Neil3 KO,poor,failed,optimal,suboptimal,False
175,DSB Iba1 39_40X_CA1,1.3333333333333333,2.6666666666666665,0.8125,1.2580645161290325,3,62,3,6,96,0.7749557495117188,1.2140274047851562,0.5,0.6458333333333334,CA1,39,1989,female,APP/PS1,good,passed,optimal,optimal,True
176,DSB Iba1 39_40X_CA3,0.6,1.0,0.9111111111111112,1.607843137254902,3,51,2,5,90,1.0321617126464844,1.1082649230957031,0.6,0.5666666666666667,CA3,39,1989,female,APP/PS1,good,passed,optimal,optimal,True
177,DSB Iba1 39_40X_CTX1,0.0,,0.369047619047619,1.1071428571428572,0,56,2,2,168,0.4506111145019531,0.3711700439453125,0.0,0.3333333333333333,CTX1,39,1989,female,APP/PS1,good,passed,optimal,optimal,True
178,DSB Iba1 39_40X_CTX2,0.4,2.0,0.4,1.1875,1,64,4,5,190,0.3875732421875,0.3496170043945312,0.2,0.3368421052631579,CTX2,39,1989,female,APP/PS1,good,passed,optimal,optimal,True
179,DSB Iba1 39_40X_CTX3,1.0,2.0,0.2450331125827814,1.0277777777777777,1,36,1,2,151,0.2254486083984375,0.2208709716796875,0.5,0.23841059602649,CTX3,39,1989,female,APP/PS1,good,passed,optimal,optimal,True
180,DSB Iba1 39_40X_DG,1.375,1.5714285714285714,0.7377049180327869,1.3533834586466165,7,133,1,8,244,1.4722824096679688,1.7183303833007812,0.875,0.5450819672131147,DG,39,1989,female,APP/PS1,good,passed,optimal,optimal,True
181,DSB Iba1 40_40X_CA1,0.5,1.0,0.363013698630137,1.1041666666666667,2,48,2,4,146,0.4599571228027344,1.3429641723632812,0.5,0.3287671232876712,CA1,40,2005,male,APP/PS1 x Neil3 KO,good,passed,optimal,optimal,True
182,DSB Iba1 40_40X_CA3,0.625,1.0,0.7272727272727273,1.3333333333333333,5,48,3,8,88,0.5597114562988281,1.7145156860351562,0.625,0.5454545454545454,CA3,40,2005,male,APP/PS1 x Neil3 KO,good,passed,optimal,optimal,True
183,DSB Iba1 40_40X_CTX1,0.95,1.4615384615384617,0.6645161290322581,1.3376623376623376,13,77,7,20,155,0.6749153137207031,3.7994384765625,0.65,0.4967741935483871,CTX1,40,2005,male,APP/PS1 x Neil3 KO,good,passed,optimal,optimal,True
184,DSB Iba1 40_40X_CTX2,0.8181818181818182,1.8,0.6242038216560509,1.240506329113924,5,79,6,11,156,0.5100250244140625,3.754806518554688,0.4545454545454545,0.5064102564102564,CTX2,40,2005,male,APP/PS1 x Neil3 KO,good,passed,optimal,optimal,True
185,DSB Iba1 40_40X_CTX3,1.375,1.5714285714285714,0.6486486486486487,1.2903225806451613,21,93,3,24,185,0.711822509765625,4.794597625732422,0.875,0.5027027027027027,CTX3,40,2005,male,APP/PS1 x Neil3 KO,good,passed,optimal,optimal,True
186,DSB Iba1 40_40X_DG,1.8,2.25,1.189102564102564,1.5142857142857142,4,245,1,5,311,2.08282470703125,0.7130622863769531,0.8,0.7877813504823151,DG,40,2005,male,APP/PS1 x Neil3 KO,good,passed,optimal,optimal,True
187,DSB Iba1 41_40X_CA1,0.5,1.0,0.6225165562913907,1.1898734177215189,2,79,2,4,151,0.7174491882324219,0.4645347595214844,0.5,0.5231788079470199,CA1,41,1995,female,APP/PS1 x Neil3 KO,good,passed,optimal,optimal,True
188,DSB Iba1 41_40X_CA3,0.5,1.0,0.5,1.351351351351351,2,37,2,4,100,0.4147529602050781,0.6657600402832031,0.5,0.37,CA3,41,1995,female,APP/PS1 x Neil3 KO,good,passed,optimal,optimal,True
189,DSB Iba1 41_40X_CTX1,,,0.0736196319018405,1.0,0,12,0,0,163,0.066375732421875,0.0162124633789062,,0.0736196319018405,CTX1,41,1995,female,APP/PS1 x Neil3 KO,good,passed,optimal,optimal,True
190,DSB Iba1 41_40X_CTX2,0.0,,0.1405405405405405,1.1304347826086956,0,23,3,3,185,0.0730514526367187,0.2507209777832031,0.0,0.1243243243243243,CTX2,41,1995,female,APP/PS1 x Neil3 KO,good,passed,optimal,optimal,True
191,DSB Iba1 41_40X_CTX3,0.6,1.5,0.1785714285714285,1.1904761904761905,2,21,3,5,140,0.0868797302246093,0.83465576171875,0.4,0.15,CTX3,41,1995,female,APP/PS1 x Neil3 KO,good,passed,optimal,optimal,True
192,DSB Iba1 41_40X_DG,1.0,1.0,1.0633608815426998,1.413919413919414,6,273,0,6,363,2.2176742553710938,0.9260177612304688,1.0,0.7520661157024794,DG,41,1995,female,APP/PS1 x Neil3 KO,good,passed,optimal,optimal,True
193,DSB Iba1 42_40X_CA1,1.3333333333333333,1.3333333333333333,0.4137931034482758,1.1538461538461535,3,52,0,3,145,0.5374908447265625,0.5733489990234375,1.0,0.3586206896551724,CA1,42,2008,female,APP/PS1,good,passed,optimal,optimal,True
194,DSB Iba1 42_40X_CA3,1.3333333333333333,2.0,0.8058252427184466,1.66,4,50,2,6,103,0.6807327270507812,0.9168624877929688,0.6666666666666666,0.4854368932038835,CA3,42,2008,female,APP/PS1,good,passed,optimal,optimal,True
195,DSB Iba1 42_40X_CTX1,1.0,1.5,0.5238095238095238,1.1578947368421053,4,76,2,6,168,0.4649162292480469,0.74462890625,0.6666666666666666,0.4523809523809524,CTX1,42,2008,female,APP/PS1,good,passed,optimal,optimal,True
196,DSB Iba1 42_40X_CTX2,1.0,1.5,0.5225806451612903,1.2272727272727273,10,66,5,15,155,0.4080772399902344,1.824378967285156,0.6666666666666666,0.4258064516129032,CTX2,42,2008,female,APP/PS1,good,passed,optimal,optimal,True
197,DSB Iba1 42_40X_CTX3,1.5,1.875,0.7746478873239436,1.375,8,80,2,10,142,0.6461143493652344,0.9996414184570312,0.8,0.5633802816901409,CTX3,42,2008,female,APP/PS1,good,passed,optimal,optimal,True
198,DSB Iba1 42_40X_DG,1.0,2.0,0.8067010309278351,1.4227272727272726,2,220,2,4,387,1.3035774230957031,0.988483428955078,0.5,0.5684754521963824,DG,42,2008,female,APP/PS1,good,passed,optimal,optimal,True
199,DSB Iba1 43_40X_CA1,0.4545454545454545,1.25,0.3154362416107382,1.068181818181818,4,44,7,11,149,0.3113746643066406,3.304767608642578,0.3636363636363636,0.2953020134228188,CA1,43,2042,male,APP/PS1,good,passed,optimal,optimal,True
200,DSB Iba1 43_40X_CA3,0.7142857142857143,1.25,1.2772277227722773,1.7551020408163265,4,147,3,7,202,2.048969268798828,5.7796478271484375,0.5714285714285714,0.7277227722772277,CA3,43,2042,male,APP/PS1,good,passed,optimal,optimal,True
201,DSB Iba1 43_40X_CTX1,2.071428571428572,2.761904761904762,1.4035874439461884,2.143835616438356,21,146,7,28,222,1.3188362121582031,12.746238708496094,0.75,0.6576576576576577,CTX1,43,2042,male,APP/PS1,good,passed,optimal,optimal,True
202,DSB Iba1 43_40X_CTX2,0.5,1.6666666666666667,0.4009661835748792,1.1857142857142855,6,70,14,20,207,0.3693580627441406,7.944774627685547,0.3,0.3381642512077294,CTX2,43,2042,male,APP/PS1,good,passed,optimal,optimal,True
203,DSB Iba1 43_40X_CTX3,0.9166666666666666,1.2222222222222223,0.9282296650717704,1.779816513761468,9,109,3,12,209,0.8925437927246094,7.372093200683594,0.75,0.5215311004784688,CTX3,43,2042,male,APP/PS1,good,passed,optimal,optimal,True
204,DSB Iba1 43_40X_DG,2.871794871794872,2.9473684210526314,2.459537572254335,2.7363344051446945,38,311,1,39,345,3.8147926330566406,16.925048828125,0.9743589743589745,0.9014492753623188,DG,43,2042,male,APP/PS1,good,passed,optimal,optimal,True
205,DSB Iba1 44_40X_CA1,1.4193548387096775,1.4666666666666666,1.5036496350364963,1.525925925925926,30,135,1,31,137,71.6085433959961,45.28112411499024,0.967741935483871,0.9854014598540146,CA1,44,147,female,APP/PS1,poor,passed,suboptimal,suboptimal,False
206,DSB Iba1 44_40X_CA3,1.1111111111111112,1.1111111111111112,1.7373737373737377,1.7373737373737377,18,99,0,18,99,81.05602264404297,48.995113372802734,1.0,1.0,CA3,44,147,female,APP/PS1,poor,passed,suboptimal,suboptimal,False
207,DSB Iba1 44_40X_CTX1,1.0925925925925926,1.0925925925925926,1.337552742616034,1.337552742616034,54,237,0,54,237,83.38785171508789,61.879920959472656,1.0,1.0,CTX1,44,147,female,APP/PS1,poor,passed,suboptimal,suboptimal,False
208,DSB Iba1 44_40X_DG,1.1772151898734178,1.1772151898734178,1.7467248908296944,1.7777777777777777,79,225,0,79,228,45.105743408203125,39.72511291503906,1.0,0.986842105263158,DG,44,147,female,APP/PS1,poor,passed,suboptimal,suboptimal,False
209,DSB Iba1 45_40X_CA1,2.0,2.4615384615384617,1.922619047619048,2.691666666666667,13,120,3,16,167,1.8074989318847656,6.223964691162109,0.8125,0.718562874251497,CA1,45,1887,male,APP/PS1 x Neil3 KO,good,passed,optimal,optimal,True
210,DSB Iba1 45_40X_CA3,1.6666666666666667,2.5,1.548780487804878,2.4423076923076925,2,104,1,3,163,1.5021324157714844,5.231571197509766,0.6666666666666666,0.6380368098159509,CA3,45,1887,male,APP/PS1 x Neil3 KO,good,passed,optimal,optimal,True
211,DSB Iba1 45_40X_CTX1,0.75,1.2857142857142858,0.5304347826086957,1.4352941176470588,7,85,5,12,230,0.8280754089355469,4.201602935791016,0.5833333333333334,0.3695652173913043,CTX1,45,1887,male,APP/PS1 x Neil3 KO,good,passed,optimal,optimal,True
212,DSB Iba1 45_40X_CTX2,0.8,1.4285714285714286,0.3828828828828828,1.2318840579710144,14,69,11,25,222,0.4374504089355469,4.376411437988281,0.56,0.3108108108108108,CTX2,45,1887,male,APP/PS1 x Neil3 KO,good,passed,optimal,optimal,True
213,DSB Iba1 45_40X_CTX3,0.7647058823529411,1.625,0.4492753623188406,1.3676470588235294,8,68,9,17,207,0.3774642944335937,3.458404541015625,0.4705882352941176,0.3285024154589372,CTX3,45,1887,male,APP/PS1 x Neil3 KO,good,passed,optimal,optimal,True
214,DSB Iba1 45_40X_DG,2.0454545454545454,2.3684210526315788,2.2536945812807883,2.563025210084034,19,357,3,22,404,4.353618621826172,7.775020599365234,0.8636363636363636,0.8836633663366337,DG,45,1887,male,APP/PS1 x Neil3 KO,good,passed,optimal,optimal,True
215,DSB Iba1 46_40X_CA1,2.303030303030303,2.375,2.9642857142857144,3.0365853658536586,64,164,2,66,168,48.19374084472656,47.70441055297852,0.9696969696969696,0.9761904761904762,CA1,46,253,female,APP/PS1 x Neil3 KO,poor,passed,suboptimal,suboptimal,False
216,DSB Iba1 46_40X_CA3,2.6666666666666665,3.096774193548387,4.0,4.548387096774194,31,124,5,36,141,18.149757385253903,31.574440002441406,0.8611111111111112,0.8794326241134752,CA3,46,253,female,APP/PS1 x Neil3 KO,poor,passed,optimal,optimal,False
217,DSB Iba1 46_40X_CTX1,1.8481012658227849,1.896103896103896,2.973584905660377,3.0076335877862594,77,262,2,79,265,58.10279846191406,46.37212753295898,0.9746835443037974,0.9886792452830188,CTX1,46,253,female,APP/PS1 x Neil3 KO,poor,passed,suboptimal,suboptimal,False
218,DSB Iba1 46_40X_CTX2,1.4807692307692308,1.4951456310679612,2.111498257839721,2.126315789473684,103,285,1,104,287,64.41020965576172,51.16119384765625,0.9903846153846154,0.9930313588850174,CTX2,46,253,female,APP/PS1 x Neil3 KO,poor,passed,suboptimal,suboptimal,False
219,DSB Iba1 46_40X_CTX3,1.9558823529411764,1.985074626865672,2.925311203319502,2.98728813559322,67,236,1,68,241,45.4249382019043,32.654476165771484,0.9852941176470588,0.979253112033195,CTX3,46,253,female,APP/PS1 x Neil3 KO,poor,passed,optimal,suboptimal,False
220,DSB Iba1 46_40X_DG,2.129032258064516,2.129032258064516,2.68944099378882,2.6978193146417446,124,321,0,124,320,52.95248031616211,56.203651428222656,1.0,1.003125,DG,46,253,female,APP/PS1 x Neil3 KO,poor,passed,suboptimal,suboptimal,False
221,DSB Iba1 47_40X_CA1,1.1176470588235294,1.9,1.4210526315789471,2.475,10,120,7,17,209,3.0524253845214844,6.558036804199219,0.5882352941176471,0.5741626794258373,CA1,47,887,male,APP/PS1,good,passed,optimal,optimal,True
222,DSB Iba1 47_40X_CA3,2.117647058823529,2.769230769230769,4.093023255813954,4.888888888888889,13,144,4,17,172,5.192661285400391,8.901691436767578,0.7647058823529411,0.8372093023255814,CA3,47,887,male,APP/PS1,good,passed,optimal,optimal,True
223,DSB Iba1 47_40X_CTX1,0.6111111111111112,1.6923076923076923,0.6153846153846154,1.5539568345323742,13,139,23,36,351,0.7054328918457031,5.655956268310547,0.3611111111111111,0.396011396011396,CTX1,47,887,male,APP/PS1,good,passed,optimal,optimal,True
224,DSB Iba1 47_40X_CTX2,2.6486486486486487,2.7222222222222223,3.01423487544484,3.2452107279693485,72,261,2,74,281,18.903064727783203,30.04922866821289,0.972972972972973,0.9288256227758008,CTX2,47,887,male,APP/PS1,good,passed,optimal,optimal,True
225,DSB Iba1 47_40X_CTX3,1.7027027027027026,2.032258064516129,1.6936936936936935,2.065934065934066,31,182,6,37,222,5.331134796142578,14.159202575683594,0.8378378378378378,0.8198198198198198,CTX3,47,887,male,APP/PS1,good,passed,optimal,optimal,True
226,DSB Iba1 47_40X_DG,4.75,4.75,3.888888888888889,3.9820359281437128,16,334,0,16,341,22.7813720703125,13.895225524902344,1.0,0.9794721407624634,DG,47,887,male,APP/PS1,good,passed,optimal,optimal,True
227,DSB Iba1 48_40X_CA1,1.4285714285714286,1.6666666666666667,1.1333333333333333,1.5813953488372092,6,86,1,7,120,0.7757186889648438,3.3704757690429688,0.8571428571428571,0.7166666666666667,CA1,48,2041,female,APP/PS1,good,passed,optimal,optimal,True
228,DSB Iba1 48_40X_CA3,1.25,1.25,0.6195652173913043,1.425,4,40,0,4,92,0.5895614624023438,2.537250518798828,1.0,0.4347826086956521,CA3,48,2041,female,APP/PS1,good,passed,optimal,optimal,True
229,DSB Iba1 48_40X_CTX1,0.9428571428571428,1.5714285714285714,0.691304347826087,1.261904761904762,21,126,14,35,230,0.8686065673828125,4.6924591064453125,0.6,0.5478260869565217,CTX1,48,2041,female,APP/PS1,good,passed,optimal,optimal,True
230,DSB Iba1 48_40X_CTX2,1.0,1.6,0.7406015037593985,1.2547770700636942,15,157,9,24,266,1.111125946044922,3.786659240722656,0.625,0.5902255639097744,CTX2,48,2041,female,APP/PS1,good,passed,optimal,optimal,True
231,DSB Iba1 48_40X_CTX3,1.0,1.5384615384615383,0.7831858407079646,1.3208955223880596,13,134,7,20,226,1.1597633361816406,3.594589233398437,0.65,0.5929203539823009,CTX3,48,2041,female,APP/PS1,good,passed,optimal,optimal,True
232,DSB Iba1 48_40X_DG,1.1538461538461535,1.875,1.7268041237113405,2.0743034055727554,8,323,5,13,386,2.8412818908691406,5.111885070800781,0.6153846153846154,0.8367875647668394,DG,48,2041,female,APP/PS1,good,passed,optimal,optimal,True
233,DSB Iba1 49_40X_CA1,2.176470588235294,2.176470588235294,2.551515151515152,2.647798742138365,17,159,0,17,164,44.43187713623047,8.189868927001953,1.0,0.9695121951219512,CA1,49,231,male,APP/PS1 x Neil3 KO,poor,failed,optimal,suboptimal,False
234,DSB Iba1 49_40X_CA3,0.625,1.6666666666666667,2.7868852459016398,4.594594594594595,6,74,10,16,122,4.161643981933594,6.575107574462891,0.375,0.6065573770491803,CA3,49,231,male,APP/PS1 x Neil3 KO,poor,failed,optimal,optimal,False
235,DSB Iba1 49_40X_CTX1,1.25,1.4285714285714286,1.6125,1.7793103448275862,14,145,2,16,160,35.48917770385742,8.087635040283203,0.875,0.90625,CTX1,49,231,male,APP/PS1 x Neil3 KO,poor,failed,optimal,optimal,False
236,DSB Iba1 49_40X_CTX2,1.7777777777777777,2.1333333333333333,1.7382198952879582,1.908045977011494,15,174,3,18,191,37.35837936401367,6.462860107421875,0.8333333333333334,0.9109947643979056,CTX2,49,231,male,APP/PS1 x Neil3 KO,poor,failed,optimal,suboptimal,False
237,DSB Iba1 49_40X_CTX3,0.5882352941176471,1.1111111111111112,1.2014388489208634,2.0365853658536586,9,82,8,17,139,2.4756431579589844,2.49490737915039,0.5294117647058824,0.5899280575539568,CTX3,49,231,male,APP/PS1 x Neil3 KO,poor,failed,optimal,optimal,False
238,DSB Iba1 49_40X_DG,2.0,2.0,2.992957746478873,3.0249110320284696,28,281,0,28,284,54.27255630493164,14.119243621826172,1.0,0.98943661971831,DG,49,231,male,APP/PS1 x Neil3 KO,poor,failed,optimal,suboptimal,False
239,DSB Iba1 50_40X_CA1,0.1538461538461538,1.0,0.1866666666666666,1.2173913043478262,2,23,11,13,150,0.0975608825683593,4.873561859130859,0.1538461538461538,0.1533333333333333,CA1,50,1996,female,APP/PS1 x Neil3 KO,good,passed,optimal,optimal,True
240,DSB Iba1 50_40X_CA3,0.1111111111111111,1.0,0.4758064516129032,1.3409090909090908,1,44,8,9,124,0.5349159240722656,3.848457336425781,0.1111111111111111,0.3548387096774194,CA3,50,1996,female,APP/PS1 x Neil3 KO,good,passed,optimal,optimal,True
241,DSB Iba1 50_40X_CTX1,0.0,,0.0157480314960629,1.0,0,4,24,24,254,0.0278472900390625,6.229019165039063,0.0,0.0157480314960629,CTX1,50,1996,female,APP/PS1 x Neil3 KO,good,passed,optimal,optimal,True
242,DSB Iba1 50_40X_CTX2,0.1428571428571428,1.0,0.180672268907563,1.1025641025641026,2,39,12,14,238,0.2301216125488281,5.149269104003906,0.1428571428571428,0.1638655462184874,CTX2,50,1996,female,APP/PS1 x Neil3 KO,good,passed,optimal,optimal,True
243,DSB Iba1 50_40X_CTX3,0.6451612903225806,1.4285714285714286,0.7905759162303665,1.4245283018867925,14,106,17,31,191,1.0915756225585938,5.641460418701172,0.4516129032258064,0.5549738219895288,CTX3,50,1996,female,APP/PS1 x Neil3 KO,good,passed,optimal,optimal,True
244,DSB Iba1 50_40X_DG,0.4666666666666667,1.1666666666666667,0.343811394891945,1.1513157894736843,6,152,9,15,505,0.46234130859375,5.594158172607422,0.4,0.300990099009901,DG,50,1996,female,APP/PS1 x Neil3 KO,good,passed,optimal,optimal,True
245,DSB Iba1 51_40X_CA1,0.6,1.8,0.375,1.148936170212766,5,47,10,15,144,0.4143714904785156,6.222438812255859,0.3333333333333333,0.3263888888888889,CA1,51,2014,male,APP/PS1,good,passed,optimal,optimal,True
246,DSB Iba1 51_40X_CA3,1.0,1.6,0.811965811965812,1.484375,5,64,3,8,117,0.7281303405761719,6.045722961425781,0.625,0.5470085470085471,CA3,51,2014,male,APP/PS1,good,passed,optimal,optimal,True
247,DSB Iba1 51_40X_CTX1,0.3888888888888889,1.75,0.2876712328767123,1.2,4,35,14,18,146,0.2779006958007812,4.617595672607422,0.2222222222222222,0.2397260273972602,CTX1,51,2014,male,APP/PS1,good,passed,optimal,optimal,True
248,DSB Iba1 51_40X_CTX2,0.3333333333333333,1.1428571428571428,0.2227272727272727,1.0425531914893618,7,47,17,24,220,0.2605438232421875,7.056903839111328,0.2916666666666667,0.2136363636363636,CTX2,51,2014,male,APP/PS1,good,passed,optimal,optimal,True
249,DSB Iba1 51_40X_CTX3,0.6153846153846154,1.3333333333333333,0.4530386740331492,1.28125,12,64,14,26,181,0.4462242126464844,9.714698791503906,0.4615384615384615,0.3535911602209944,CTX3,51,2014,male,APP/PS1,good,passed,optimal,optimal,True
250,DSB Iba1 51_40X_DG,0.8181818181818182,1.3846153846153846,0.8927613941018767,1.3875,13,240,9,22,371,1.5252113342285156,6.879520416259766,0.5909090909090909,0.6469002695417789,DG,51,2014,male,APP/PS1,good,passed,optimal,optimal,True
251,DSB Iba1 52_40X_CA1,1.2,1.2,0.3939393939393939,1.1304347826086956,5,46,0,5,132,0.2756118774414062,5.399608612060547,1.0,0.3484848484848485,CA1,52,1891,female,APP/PS1 x Neil3 KO,good,passed,optimal,optimal,True
252,DSB Iba1 52_40X_CA3,1.0,1.4,0.6122448979591837,1.5,5,40,2,7,98,0.4342079162597656,4.315376281738281,0.7142857142857143,0.4081632653061224,CA3,52,1891,female,APP/PS1 x Neil3 KO,good,passed,optimal,optimal,True
253,DSB Iba1 52_40X_CTX1,0.3478260869565217,2.0,0.2903225806451613,1.44,4,25,19,23,124,0.1187324523925781,7.786273956298828,0.1739130434782608,0.2016129032258064,CTX1,52,1891,female,APP/PS1 x Neil3 KO,good,passed,optimal,optimal,True
254,DSB Iba1 52_40X_CTX2,0.6451612903225806,1.25,0.5,1.2253521126760565,16,71,15,31,174,0.3239631652832031,10.270881652832031,0.5161290322580645,0.4080459770114942,CTX2,52,1891,female,APP/PS1 x Neil3 KO,good,passed,optimal,optimal,True
255,DSB Iba1 52_40X_CTX3,0.5384615384615384,1.4,0.5257731958762887,1.3421052631578947,10,76,16,26,194,0.4559516906738281,10.033130645751951,0.3846153846153846,0.3917525773195876,CTX3,52,1891,female,APP/PS1 x Neil3 KO,good,passed,optimal,optimal,True
256,DSB Iba1 52_40X_DG,0.875,1.5555555555555556,0.5926966292134831,1.2057142857142855,9,175,7,16,356,0.7616043090820312,7.422256469726562,0.5625,0.4915730337078651,DG,52,1891,female,APP/PS1 x Neil3 KO,good,passed,optimal,optimal,True
257,DSB Iba1 53_40X_CA1,2.0,2.0,3.311111111111111,4.110344827586207,6,145,0,6,179,4.520511627197266,2.5342941284179688,1.0,0.8100558659217877,CA1,53,885,male,APP/PS1,good,passed,optimal,optimal,True
258,DSB Iba1 53_40X_CA3,1.3333333333333333,1.6,3.736196319018405,4.413043478260869,5,138,1,6,163,6.536006927490234,2.4756431579589844,0.8333333333333334,0.8466257668711656,CA3,53,885,male,APP/PS1,good,passed,optimal,optimal,True
259,DSB Iba1 53_40X_CTX1,1.9583333333333333,2.136363636363636,2.048872180451128,2.6201923076923075,22,208,2,24,266,3.690528869628906,7.878398895263672,0.9166666666666666,0.7819548872180451,CTX1,53,885,male,APP/PS1,good,passed,optimal,optimal,True
260,DSB Iba1 53_40X_CTX2,2.0,2.260869565217391,1.755,2.279220779220779,23,154,3,26,200,3.605270385742188,7.045269012451172,0.8846153846153846,0.77,CTX2,53,885,male,APP/PS1,good,passed,optimal,optimal,True
261,DSB Iba1 53_40X_CTX3,1.7692307692307692,2.555555555555556,1.818840579710145,2.436893203883495,9,103,4,13,138,3.4102439880371094,5.187797546386719,0.6923076923076923,0.7463768115942029,CTX3,53,885,male,APP/PS1,good,passed,optimal,optimal,True
262,DSB Iba1 53_40X_DG,1.8333333333333333,1.9411764705882355,3.3607142857142858,3.605363984674329,17,261,1,18,280,10.100555419921877,3.43008041381836,0.9444444444444444,0.9321428571428572,DG,53,885,male,APP/PS1,good,passed,optimal,optimal,True
263,DSB Iba1 54_40X_CA1,1.4,1.75,0.5692307692307692,1.2982456140350878,4,57,1,5,130,0.5602836608886719,2.426910400390625,0.8,0.4384615384615384,CA1,54,2012,male,APP/PS1,good,passed,optimal,optimal,True
264,DSB Iba1 54_40X_CA3,1.3333333333333333,1.3333333333333333,1.062992125984252,1.588235294117647,3,85,0,3,127,1.2754440307617188,1.7024993896484375,1.0,0.6692913385826772,CA3,54,2012,male,APP/PS1,good,passed,optimal,optimal,True
265,DSB Iba1 54_40X_CTX1,0.6,1.2,0.6907216494845361,1.4565217391304348,5,92,5,10,194,0.823211669921875,4.989528656005859,0.5,0.4742268041237113,CTX1,54,2012,male,APP/PS1,good,passed,optimal,optimal,True
266,DSB Iba1 54_40X_CTX2,1.0,1.6666666666666667,0.7251461988304093,1.3777777777777778,6,90,4,10,171,0.7739067077636719,3.8888931274414062,0.6,0.5263157894736842,CTX2,54,2012,male,APP/PS1,good,passed,optimal,optimal,True
267,DSB Iba1 54_40X_CTX3,1.2,1.8461538461538465,0.7797619047619048,1.4719101123595506,13,89,7,20,168,0.8355140686035156,5.550861358642578,0.65,0.5297619047619048,CTX3,54,2012,male,APP/PS1,good,passed,optimal,optimal,True
268,DSB Iba1 54_40X_DG,0.7692307692307693,1.4285714285714286,1.2145110410094635,1.6041666666666667,7,240,6,13,317,1.9334793090820312,3.528308868408203,0.5384615384615384,0.7570977917981072,DG,54,2012,male,APP/PS1,good,passed,optimal,optimal,True
269,DSB Iba1 55_40X_CA1,0.4285714285714285,1.0,0.4961240310077519,1.2075471698113207,3,53,4,7,129,0.495147705078125,1.777362823486328,0.4285714285714285,0.4108527131782946,CA1,55,1989,female,APP/PS1,good,passed,optimal,optimal,True
270,DSB Iba1 55_40X_CA3,0.6666666666666666,1.0,0.6210526315789474,1.5526315789473684,2,38,1,3,95,0.4197120666503906,1.872539520263672,0.6666666666666666,0.4,CA3,55,1989,female,APP/PS1,good,passed,optimal,optimal,True
271,DSB Iba1 55_40X_CTX1,0.125,1.0,0.0534351145038167,1.0,1,7,7,8,131,0.0318527221679687,1.2282371520996094,0.125,0.0534351145038167,CTX1,55,1989,female,APP/PS1,good,passed,optimal,optimal,True
272,DSB Iba1 55_40X_CTX2,0.6666666666666666,1.5,0.7847222222222222,1.3950617283950617,4,81,5,9,144,0.611114501953125,3.083038330078125,0.4444444444444444,0.5625,CTX2,55,1989,female,APP/PS1,good,passed,optimal,optimal,True
273,DSB Iba1 55_40X_CTX3,0.0,,0.188235294117647,1.3333333333333333,0,12,6,6,85,0.0937461853027343,0.5826950073242188,0.0,0.1411764705882353,CTX3,55,1989,female,APP/PS1,good,passed,optimal,optimal,True
274,DSB Iba1 55_40X_DG,0.7272727272727273,1.3333333333333333,0.8403990024937655,1.3534136546184738,6,249,5,11,400,1.6141891479492188,2.5461196899414062,0.5454545454545454,0.6225,DG,55,1989,female,APP/PS1,good,passed,optimal,optimal,True
275,DSB Iba1 56_40X_CA1,1.0,1.8571428571428568,0.5095541401273885,1.2121212121212122,7,66,6,13,157,0.609588623046875,4.4521331787109375,0.5384615384615384,0.4203821656050955,CA1,56,2008,female,APP/PS1,good,passed,optimal,optimal,True
276,DSB Iba1 56_40X_CA3,0.4166666666666667,1.6666666666666667,0.6515151515151515,1.5636363636363635,3,55,9,12,132,0.5918502807617188,4.624557495117188,0.25,0.4166666666666667,CA3,56,2008,female,APP/PS1,good,passed,optimal,optimal,True
277,DSB Iba1 56_40X_CTX1,0.9523809523809524,1.6666666666666667,0.5056179775280899,1.2328767123287672,12,73,9,21,178,0.4897117614746094,5.258560180664063,0.5714285714285714,0.4101123595505618,CTX1,56,2008,female,APP/PS1,good,passed,optimal,optimal,True
278,DSB Iba1 56_40X_CTX2,0.782608695652174,1.2857142857142858,0.3388429752066115,1.1232876712328768,14,73,9,23,242,0.3222465515136719,5.3241729736328125,0.6086956521739131,0.3016528925619834,CTX2,56,2008,female,APP/PS1,good,passed,optimal,optimal,True
279,DSB Iba1 56_40X_CTX3,0.2777777777777778,1.1111111111111112,0.3351063829787234,1.2115384615384617,9,52,27,36,188,0.2533912658691406,4.150867462158203,0.25,0.2765957446808511,CTX3,56,2008,female,APP/PS1,good,passed,optimal,optimal,True
280,DSB Iba1 56_40X_DG,1.1875,1.9,0.7286063569682152,1.4396135265700485,10,207,6,16,406,0.9902000427246094,5.023097991943359,0.625,0.5098522167487685,DG,56,2008,female,APP/PS1,good,passed,optimal,optimal,True
281,DSB Iba1 57_40X_CA1,0.9090909090909092,1.4285714285714286,2.1621621621621623,3.7383177570093458,7,107,4,11,185,1.7914772033691406,2.201366424560547,0.6363636363636364,0.5783783783783784,CA1,57,305,male,APP/PS1 x Neil3 KO,good,passed,optimal,optimal,True
282,DSB Iba1 57_40X_CA3,1.375,1.8333333333333333,4.255952380952381,5.458015267175573,6,131,2,8,168,6.385135650634766,4.8095703125,0.75,0.7797619047619048,CA3,57,305,male,APP/PS1 x Neil3 KO,good,passed,optimal,optimal,True
283,DSB Iba1 57_40X_CTX1,1.4285714285714286,1.6666666666666667,0.3698113207547169,1.3611111111111112,12,72,2,14,265,0.3266334533691406,2.260112762451172,0.8571428571428571,0.2716981132075471,CTX1,57,305,male,APP/PS1 x Neil3 KO,good,passed,optimal,optimal,True
284,DSB Iba1 57_40X_CTX2,0.75,1.125,0.3571428571428571,1.3013698630136987,8,73,4,12,266,0.4457473754882812,1.4965057373046875,0.6666666666666666,0.2744360902255639,CTX2,57,305,male,APP/PS1 x Neil3 KO,good,passed,optimal,optimal,True
285,DSB Iba1 57_40X_CTX3,0.5454545454545454,1.2,0.190721649484536,1.15625,5,32,6,11,194,0.1439094543457031,1.306438446044922,0.4545454545454545,0.1649484536082474,CTX3,57,305,male,APP/PS1 x Neil3 KO,good,passed,optimal,optimal,True
286,DSB Iba1 57_40X_DG,1.1071428571428572,1.7222222222222223,1.8514285714285716,2.793103448275862,18,232,10,28,350,2.986621856689453,5.2936553955078125,0.6428571428571429,0.6628571428571428,DG,57,305,male,APP/PS1 x Neil3 KO,good,passed,optimal,optimal,True
287,DSB Iba1 58_40X_CA1,1.25,1.6666666666666667,0.6528925619834711,1.2153846153846153,3,65,1,4,121,0.6536483764648438,2.06155776977539,0.75,0.5371900826446281,CA1,58,2005,male,APP/PS1 x Neil3 KO,good,passed,optimal,optimal,True
288,DSB Iba1 58_40X_CA3,0.6666666666666666,1.0,0.8761061946902655,1.4776119402985075,4,67,2,6,113,0.7616043090820312,1.918315887451172,0.6666666666666666,0.5929203539823009,CA3,58,2005,male,APP/PS1 x Neil3 KO,good,passed,optimal,optimal,True
289,DSB Iba1 58_40X_CTX1,1.1764705882352942,1.818181818181818,0.5886524822695035,1.3174603174603174,11,63,6,17,141,0.4926681518554687,4.450321197509766,0.6470588235294118,0.4468085106382978,CTX1,58,2005,male,APP/PS1 x Neil3 KO,good,passed,optimal,optimal,True
290,DSB Iba1 58_40X_CTX2,1.1875,1.5833333333333333,0.837696335078534,1.4678899082568808,12,109,4,16,191,0.8916854858398438,2.5277137756347656,0.75,0.5706806282722513,CTX2,58,2005,male,APP/PS1 x Neil3 KO,good,passed,optimal,optimal,True
291,DSB Iba1 58_40X_CTX3,1.0,1.5,0.5677083333333334,1.313253012048193,4,83,2,6,192,0.553131103515625,0.5662918090820312,0.6666666666666666,0.4322916666666667,CTX3,58,2005,male,APP/PS1 x Neil3 KO,good,passed,optimal,optimal,True
292,DSB Iba1 58_40X_DG,1.5,1.5,0.7709677419354839,1.2780748663101604,2,187,0,2,310,1.1504173278808594,1.5165328979492188,1.0,0.603225806451613,DG,58,2005,male,APP/PS1 x Neil3 KO,good,passed,optimal,optimal,True
293,DSB Iba1 59_40X_CA1,0.8,1.0,0.6390532544378699,1.2413793103448276,4,87,1,5,169,0.9168624877929688,3.539466857910156,0.8,0.514792899408284,CA1,59,1995,female,APP/PS1 x Neil3 KO,good,passed,optimal,optimal,True
294,DSB Iba1 59_40X_CA3,0.8,1.3333333333333333,0.45,1.25,3,36,2,5,100,0.3584861755371094,2.4675369262695312,0.6,0.36,CA3,59,1995,female,APP/PS1 x Neil3 KO,good,passed,optimal,optimal,True
295,DSB Iba1 59_40X_CTX1,0.7777777777777778,1.75,0.6515151515151515,1.2169811320754718,4,106,5,9,198,0.8263587951660156,3.9608001708984375,0.4444444444444444,0.5353535353535354,CTX1,59,1995,female,APP/PS1 x Neil3 KO,good,passed,optimal,optimal,True
296,DSB Iba1 59_40X_CTX2,0.6,1.0909090909090908,0.4041095890410959,1.2040816326530612,11,49,9,20,146,0.3554344177246094,6.726360321044922,0.55,0.3356164383561644,CTX2,59,1995,female,APP/PS1 x Neil3 KO,good,passed,optimal,optimal,True
297,DSB Iba1 59_40X_CTX3,0.6956521739130435,1.4545454545454546,0.4962962962962963,1.2407407407407407,11,54,12,23,135,0.322723388671875,5.142498016357422,0.4782608695652174,0.4,CTX3,59,1995,female,APP/PS1 x Neil3 KO,good,passed,optimal,optimal,True
298,DSB Iba1 59_40X_DG,1.5,1.8,0.9853372434017597,1.360323886639676,5,247,1,6,341,2.118110656738281,3.248310089111328,0.8333333333333334,0.7243401759530792,DG,59,1995,female,APP/PS1 x Neil3 KO,good,passed,optimal,optimal,True
