filename,avg_dna_damage_foci/glia_+,avg_dna_damage_foci/glia_+_damage_+,avg_dna_damage_foci/all_nuclei,avg_dna_damage_foci/all_nuclei_damage_+,nr_+_dna_damage_glia_nuclei,nr_-_dna_damage_glia_nuclei,nr_glia_+_nuclei,nr_total_nuclei,%_dna_damage_signal,%_glia+_signal
DSB Iba1 16_40X_CA1,0.9365079365079365,1.923913043478261,0.8362068965517241,1.7962962962962963,92,97,189,232,1.0966300964355469,88.63372802734375
DSB Iba1 16_40X_CA3,4.513513513513513,4.7175141242937855,4.40625,4.726256983240224,177,8,185,192,18.227672576904297,96.34952545166016
DSB Iba1 16_40X_CTX1,0.6428571428571429,1.6875,0.6483516483516484,1.8829787234042554,16,26,42,272,0.8442878723144531,13.598442077636719
DSB Iba1 16_40X_CTX2,2.240663900414938,2.26890756302521,2.327067669172932,2.38996138996139,238,3,241,266,39.40544128417969,94.93074417114258
DSB Iba1 16_40X_CTX3,2.019230769230769,2.1,1.7385892116182573,2.053921568627451,100,4,104,241,9.070396423339844,54.768943786621094
DSB Iba1 16_40X_DG,0.6628959276018099,1.3820754716981132,0.6535087719298246,1.3796296296296295,212,230,438,452,1.1308670043945312,87.15362548828125
DSB Iba1 17_40X_CA1,1.8181818181818181,2.5,2.7653061224489797,3.985294117647059,8,3,11,196,2.4562835693359375,5.763816833496094
DSB Iba1 17_40X_CA3,1.3157894736842106,1.9230769230769231,3.6174863387978142,4.762589928057554,13,6,19,183,5.110073089599609,6.432056427001953
DSB Iba1 17_40X_CTX1,2.411764705882353,2.9285714285714284,1.2769230769230768,2.141935483870968,14,3,17,260,1.3278961181640625,2.6453018188476562
DSB Iba1 17_40X_CTX2,2.8461538461538463,2.9019607843137254,2.552980132450331,2.6404109589041096,51,1,52,302,29.742717742919922,11.802101135253906
DSB Iba1 17_40X_CTX3,2.6296296296296298,2.6296296296296298,2.8944444444444444,3.196319018404908,27,0,27,180,18.192768096923828,9.359455108642578
DSB Iba1 17_40X_DG,3.12751677852349,3.352517985611511,2.543560606060606,2.9712389380530975,139,10,149,525,5.62286376953125,44.407081604003906
DSB Iba1 18_40X_CA1,1.3571428571428572,1.3571428571428572,2.5347222222222223,2.5347222222222223,14,0,14,144,71.99668884277344,10.935688018798828
DSB Iba1 18_40X_CA3,1.9166666666666667,1.9166666666666667,4.074074074074074,4.11214953271028,12,0,12,108,36.4354133605957,7.825183868408203
DSB Iba1 18_40X_CTX1,1.8421052631578947,2.6923076923076925,1.88,2.858108108108108,13,6,19,225,3.3540725708007812,3.196430206298828
DSB Iba1 18_40X_CTX2,3.2,3.2,3.7294117647058824,3.8658536585365852,20,0,20,255,40.91596603393555,5.939960479736328
DSB Iba1 18_40X_CTX3,3.0588235294117645,3.466666666666667,2.5789473684210527,3.3923076923076922,15,2,17,171,18.92385482788086,1.9624710083007812
DSB Iba1 18_40X_DG,1.1826923076923077,1.1826923076923077,1.8034188034188035,1.8034188034188035,104,0,104,351,83.64906311035156,53.77206802368164
DSB Iba1 19_40X_CA1,1.0,1.0,1.0,1.0,66,0,66,68,99.50284957885742,97.84984588623047
DSB Iba1 19_40X_CA3,1.0140845070422535,1.0140845070422535,1.0136986301369864,1.0136986301369864,71,0,71,73,99.35731887817383,98.4278678894043
DSB Iba1 19_40X_CTX1,1.004739336492891,1.004739336492891,1.0047169811320755,1.0047169811320755,211,0,211,212,99.45621490478516,98.56758117675781
DSB Iba1 19_40X_CTX2,1.0138888888888888,1.0138888888888888,1.0444444444444445,1.0444444444444445,72,0,71,89,97.04084396362305,92.62237548828125
DSB Iba1 19_40X_CTX3,1.0,1.0,1.0,1.0,103,0,103,124,98.70357513427734,87.97607421875
DSB Iba1 19_40X_DG,1.0,1.0,1.0,1.0,127,0,127,128,99.53365325927734,97.98297882080078
DSB Iba1 20_40X_CA1,1.0,1.5,0.6645161290322581,1.3037974683544304,4,2,6,155,0.7762908935546875,1.447296142578125
DSB Iba1 20_40X_CA3,1.6,2.0,1.3245614035087718,2.1267605633802815,4,1,5,114,1.1053085327148438,1.7178535461425781
DSB Iba1 20_40X_CTX1,1.0,1.6666666666666667,0.5151515151515151,1.2289156626506024,3,2,5,198,0.4868507385253906,0.8257865905761719
DSB Iba1 20_40X_CTX2,1.5,1.8333333333333333,1.069182389937107,1.6037735849056605,18,4,22,159,0.9496688842773438,2.0682334899902344
DSB Iba1 20_40X_CTX3,0.6666666666666666,2.0,0.532608695652174,1.3611111111111112,1,2,3,92,0.5314826965332031,0.5598068237304688
DSB Iba1 20_40X_DG,1.0,1.4,1.435483870967742,1.7682119205298013,5,2,7,372,2.3174285888671875,2.9237747192382812
DSB Iba1 21_40X_CA1,1.0,1.5714285714285714,0.851063829787234,1.3333333333333333,7,4,11,141,0.7778167724609375,2.5424957275390625
DSB Iba1 21_40X_CA3,0.5,1.0,1.0,1.7833333333333334,2,2,4,107,0.7436752319335938,1.3544082641601562
DSB Iba1 21_40X_CTX1,1.588235294117647,2.076923076923077,0.695,1.3762376237623761,13,4,17,200,0.9168624877929688,3.311634063720703
DSB Iba1 21_40X_CTX2,1.2666666666666666,1.4615384615384615,0.7688888888888888,1.3410852713178294,13,2,15,225,1.0347366333007812,3.338623046875
DSB Iba1 21_40X_CTX3,1.4782608695652173,2.0,1.0824742268041236,2.019230769230769,17,6,23,194,1.0148048400878906,4.6970367431640625
DSB Iba1 21_40X_DG,0.9333333333333333,1.4,1.1310679611650485,1.4793650793650794,10,5,15,409,2.2064208984375,3.5135269165039062
DSB Iba1 22_40X_CA1,1.0,1.9,1.206896551724138,1.9626168224299065,10,9,19,174,1.2415885925292969,6.178569793701172
DSB Iba1 22_40X_CA3,2.1666666666666665,2.1666666666666665,1.2302158273381294,2.25,6,0,6,139,1.2543678283691406,3.7606239318847656
DSB Iba1 22_40X_CTX1,1.5,2.5,1.2880658436213992,2.045751633986928,6,4,10,243,1.403045654296875,3.6371231079101562
DSB Iba1 22_40X_CTX2,1.0588235294117647,2.0,1.0454545454545454,2.0145985401459856,9,8,17,264,1.3582229614257812,4.0191650390625
DSB Iba1 22_40X_CTX3,1.25,2.0,0.39285714285714285,1.32,5,3,8,168,0.2514839172363281,0.730133056640625
DSB Iba1 22_40X_DG,1.7647058823529411,2.0,1.6338383838383839,1.9313432835820896,15,2,17,395,3.1919479370117188,5.748558044433594
DSB Iba1 23_40X_CA1,1.0,2.6666666666666665,0.6617647058823529,1.3043478260869565,3,5,8,136,0.5928993225097656,4.248046875
DSB Iba1 23_40X_CA3,0.875,1.75,0.6491228070175439,1.5416666666666667,4,4,8,114,0.531768798828125,2.0812034606933594
DSB Iba1 23_40X_CTX1,0.56,1.2727272727272727,0.387434554973822,1.15625,11,14,25,191,0.4361152648925781,5.792427062988281
DSB Iba1 23_40X_CTX2,0.0,,0.075,1.125,0,5,5,240,0.07200241088867188,0.7174491882324219
DSB Iba1 23_40X_CTX3,0.9090909090909091,1.25,0.7905405405405406,1.4444444444444444,8,3,11,148,0.6974220275878906,2.988147735595703
DSB Iba1 23_40X_DG,1.0,1.4545454545454546,1.122969837587007,1.4622356495468278,11,5,16,429,1.8776893615722656,7.934856414794922
DSB Iba1 24_40X_CA1,0.0,,0.5642458100558659,1.6031746031746033,0,6,6,179,0.4246711730957031,0.7791519165039062
DSB Iba1 24_40X_CA3,0.25,1.0,0.6,1.4375,1,3,4,115,0.2900123596191406,0.9073257446289062
DSB Iba1 24_40X_CTX1,0.0,,0.19337016574585636,1.2962962962962963,0,19,19,181,0.23565292358398438,1.7583847045898438
DSB Iba1 24_40X_CTX2,0.7058823529411765,1.2,0.4555984555984556,1.3563218390804597,10,7,17,259,0.5938529968261719,3.3802032470703125
DSB Iba1 24_40X_CTX3,0.07692307692307693,1.0,0.5473684210526316,1.793103448275862,1,12,13,190,0.5388259887695312,1.4982223510742188
DSB Iba1 24_40X_DG,0.0,,0.1348314606741573,1.2413793103448276,0,8,8,267,0.11806488037109375,0.8672714233398438
DSB Iba1 25_40X_CA1,1.375,1.8333333333333333,1.6158940397350994,2.259259259259259,6,2,8,151,1.3138771057128906,3.1706809997558594
DSB Iba1 25_40X_CA3,1.2222222222222223,1.375,1.9197080291970803,3.058139534883721,8,1,9,137,2.0705223083496094,2.813243865966797
DSB Iba1 25_40X_CTX1,0.56,1.2727272727272727,0.6090225563909775,1.265625,11,14,25,133,0.565338134765625,3.438568115234375
DSB Iba1 25_40X_CTX2,1.65,2.2,1.78125,2.7142857142857144,15,5,20,192,1.6091346740722656,6.374835968017578
DSB Iba1 25_40X_CTX3,1.3333333333333333,1.7142857142857142,2.2216216216216216,2.8541666666666665,7,2,9,185,1.6841888427734375,2.7411460876464844
DSB Iba1 25_40X_DG,2.1333333333333333,2.4615384615384617,2.067469879518072,2.2698412698412698,13,2,15,415,4.139518737792969,3.3510208129882812
DSB Iba1 26_40X_CA1,2.5714285714285716,3.0,3.4571428571428573,3.934959349593496,6,1,7,140,7.658481597900391,5.84564208984375
DSB Iba1 26_40X_CA3,3.6,3.6,3.796875,4.189655172413793,5,0,5,64,14.291000366210938,6.870269775390625
DSB Iba1 26_40X_CTX1,1.5,1.5,1.9553571428571428,1.990909090909091,8,0,8,112,48.142242431640625,11.133575439453125
DSB Iba1 26_40X_CTX2,1.6666666666666667,1.6666666666666667,2.411764705882353,2.4322033898305087,15,0,15,119,50.63896179199219,13.045120239257812
DSB Iba1 26_40X_CTX3,1.8181818181818181,1.8181818181818181,1.5940594059405941,1.5940594059405941,11,0,11,101,60.15052795410156,27.424240112304688
DSB Iba1 26_40X_DG,4.166666666666667,4.166666666666667,3.54957507082153,3.8085106382978724,12,0,12,353,15.996170043945312,7.449054718017578
DSB Iba1 27_40X_DG,2.5,2.5,2.2764976958525347,2.3864734299516908,4,0,4,217,37.166595458984375,1.7447471618652344
DSB Iba1 28_40X_CA1,0.0,,0.8023255813953488,1.2545454545454546,0,2,2,85,1.17950439453125,2.5665283203125
DSB Iba1 28_40X_CA3,1.0,1.0,0.5223880597014925,1.3461538461538463,1,0,1,67,1.036834716796875,2.448272705078125
DSB Iba1 28_40X_CTX1,1.0,1.5,0.6923076923076923,1.44,2,1,3,104,1.6277313232421875,3.2138824462890625
DSB Iba1 28_40X_CTX2,0.8461538461538461,1.5714285714285714,0.927536231884058,1.9393939393939394,7,6,13,207,0.6724357604980469,2.5005340576171875
DSB Iba1 28_40X_CTX3,1.0909090909090908,1.3333333333333333,1.3451776649746192,1.8928571428571428,9,2,11,197,0.9607315063476562,2.412891387939453
DSB Iba1 28_40X_DG,2.823529411764706,2.823529411764706,2.452247191011236,2.686153846153846,17,0,17,356,4.607105255126953,7.0148468017578125
DSB Iba1 29_40X_CA1,1.4,1.5555555555555556,0.7718120805369127,1.2921348314606742,9,1,10,149,0.8039474487304688,2.208709716796875
DSB Iba1 29_40X_CA3,1.0,1.25,0.6386554621848739,1.4901960784313726,4,1,5,119,0.6873130798339844,1.9129753112792969
DSB Iba1 29_40X_CTX1,1.125,1.6363636363636365,0.7939698492462312,1.462962962962963,11,5,16,199,0.9842872619628906,5.022335052490234
DSB Iba1 29_40X_CTX2,1.1923076923076923,1.631578947368421,1.1776649746192893,1.6934306569343065,19,7,26,197,1.3653755187988281,7.678985595703125
DSB Iba1 29_40X_CTX3,0.9375,1.1538461538461537,0.5952380952380952,1.3157894736842106,13,3,16,168,0.4662513732910156,3.7689208984375
DSB Iba1 29_40X_DG,1.0,1.5,1.025974025974026,1.4363636363636363,4,2,6,385,2.083301544189453,2.2146224975585938
DSB Iba1 30_40X_CA1,0.0,,0.528169014084507,1.3392857142857142,0,6,6,142,0.42133331298828125,1.6625404357910156
DSB Iba1 30_40X_CA3,1.0,1.3333333333333333,0.8543689320388349,1.5714285714285714,3,1,4,103,0.7200241088867188,1.3019561767578125
DSB Iba1 30_40X_CTX1,0.7692307692307693,1.5384615384615385,0.4444444444444444,1.1818181818181819,13,13,26,234,0.49762725830078125,2.7807235717773438
DSB Iba1 30_40X_CTX2,0.5,1.5714285714285714,0.5152671755725191,1.3235294117647058,7,15,22,262,0.5642890930175781,2.3637771606445312
DSB Iba1 30_40X_CTX3,0.6153846153846154,1.3333333333333333,0.36683417085427134,1.3518518518518519,6,7,13,199,0.2711296081542969,1.4829635620117188
DSB Iba1 30_40X_DG,0.8,2.0,1.1607629427792916,1.7387755102040816,2,3,5,366,1.5737533569335938,2.1762847900390625
DSB Iba1 31_40X_CA1,1.3636363636363635,1.875,1.0059880239520957,1.5555555555555556,8,3,11,167,0.9081840515136719,3.8471221923828125
DSB Iba1 31_40X_CA3,2.0,2.0,0.9672131147540983,1.4873949579831933,1,0,1,183,1.42059326171875,1.2179374694824219
DSB Iba1 31_40X_CTX1,1.0,1.8333333333333333,0.47668393782383417,1.1794871794871795,6,5,11,192,0.45013427734375,3.5140037536621094
DSB Iba1 31_40X_CTX2,0.5882352941176471,1.4285714285714286,0.6208333333333333,1.2735042735042734,7,10,17,239,0.5597114562988281,2.9596328735351562
DSB Iba1 31_40X_CTX3,1.1538461538461537,1.5,0.9178082191780822,1.6144578313253013,10,3,13,146,0.7208824157714844,3.2898902893066406
DSB Iba1 31_40X_DG,1.5,1.9090909090909092,1.6540880503144655,1.9409594095940959,11,3,14,318,2.1633148193359375,3.9017677307128906
DSB Iba1 32_40X_CA1,4.277777777777778,4.277777777777778,4.491891891891892,4.5911602209944755,18,0,18,185,24.217510223388672,14.134979248046875
DSB Iba1 32_40X_CA3,1.7058823529411764,1.8125,3.903703703703704,4.022900763358779,16,1,17,135,35.25991439819336,14.082717895507812
DSB Iba1 32_40X_CTX1,2.3870967741935485,2.466666666666667,4.686206896551724,4.8021201413427566,30,1,31,290,26.068115234375,14.151763916015625
DSB Iba1 32_40X_CTX2,1.6578947368421053,1.7027027027027026,2.533613445378151,2.555084745762712,37,1,38,238,45.59593200683594,17.71411895751953
DSB Iba1 32_40X_CTX3,2.814814814814815,3.04,4.117977528089888,4.4156626506024095,25,2,27,178,16.32986068725586,10.771465301513672
DSB Iba1 32_40X_DG,2.80327868852459,2.8983050847457625,3.8615751789976134,4.024875621890548,59,2,60,415,20.56293487548828,27.629661560058594
DSB Iba1 33_40X_CA1,1.0,1.6666666666666667,0.759493670886076,1.3333333333333333,3,2,5,158,0.8049964904785156,2.395153045654297
DSB Iba1 33_40X_CA3,1.0,1.75,0.9619565217391305,1.462809917355372,4,3,7,184,1.3813972473144531,1.8873214721679688
DSB Iba1 33_40X_CTX1,0.7,1.4,0.6696428571428571,1.2295081967213115,5,5,10,224,1.5479087829589844,1.194000244140625
DSB Iba1 33_40X_CTX2,1.2666666666666666,1.7272727272727273,1.3214285714285714,1.9770992366412214,11,4,15,196,1.5409469604492188,2.6653289794921875
DSB Iba1 33_40X_CTX3,0.7777777777777778,1.4,0.8301886792452831,1.5172413793103448,5,4,9,159,0.8223533630371094,2.5826454162597656
DSB Iba1 33_40X_DG,1.0,2.0,1.528169014084507,1.8706896551724137,4,4,8,425,3.1828880310058594,3.2654762268066406
DSB Iba1 34_40X_CA1,3.090909090909091,3.090909090909091,3.9518716577540105,4.151685393258427,11,0,11,187,11.618709564208984,5.395984649658203
DSB Iba1 34_40X_CA3,2.8,2.8,5.311787072243346,5.65587044534413,5,0,5,263,18.45865249633789,4.882526397705078
DSB Iba1 34_40X_CTX1,2.4545454545454546,2.7,3.251700680272109,3.763779527559055,20,2,22,294,9.898662567138672,6.429195404052734
DSB Iba1 34_40X_CTX2,2.185185185185185,2.269230769230769,3.285171102661597,3.456,26,1,27,263,30.911731719970703,9.554862976074219
DSB Iba1 34_40X_CTX3,1.8846153846153846,1.8846153846153846,2.2740384615384617,2.4256410256410255,26,0,26,208,8.549880981445312,7.129859924316406
DSB Iba1 34_40X_DG,2.3684210526315788,2.3684210526315788,4.117824773413897,4.219814241486068,19,0,19,330,13.27676773071289,9.005355834960938
DSB Iba1 35_40X_CA1,0.9,1.8,0.5157894736842106,1.6333333333333333,5,5,10,190,0.7157325744628906,3.268909454345703
DSB Iba1 35_40X_CA3,2.6206896551724137,3.04,3.893258426966292,4.559210526315789,25,4,29,178,13.22774887084961,21.718120574951172
DSB Iba1 35_40X_CTX1,1.1111111111111112,2.0,0.6504065040650406,1.6494845360824741,10,8,18,246,0.7575035095214844,4.521656036376953
DSB Iba1 35_40X_CTX2,2.045045045045045,2.0825688073394497,2.146067415730337,2.348360655737705,109,2,111,267,23.384380340576172,49.62272644042969
DSB Iba1 35_40X_CTX3,2.325,2.3846153846153846,3.231527093596059,3.4345549738219896,78,2,80,203,13.570690155029297,36.1638069152832
DSB Iba1 35_40X_DG,2.485074626865672,2.664,2.8708920187793425,3.0962025316455697,125,9,134,426,13.68703842163086,46.29859924316406
DSB Iba1 36_40X_CA1,1.25,1.4285714285714286,1.0666666666666667,1.5042735042735043,7,1,8,165,1.4990806579589844,2.2858619689941406
DSB Iba1 36_40X_CA3,1.0,2.0,1.0,1.546875,3,3,6,99,1.174163818359375,1.1386871337890625
DSB Iba1 36_40X_CTX1,1.875,2.142857142857143,1.9855769230769231,2.4730538922155687,14,2,16,208,2.8151512145996094,3.6052703857421875
DSB Iba1 36_40X_CTX2,1.4482758620689655,1.826086956521739,1.264840182648402,1.720496894409938,23,6,29,219,2.0681381225585938,4.596138000488281
DSB Iba1 36_40X_CTX3,1.7,2.125,1.1965317919075145,1.5923076923076922,8,2,10,173,1.3293266296386719,2.627086639404297
DSB Iba1 36_40X_DG,1.6,1.6,1.663716814159292,1.9515570934256055,5,0,5,339,4.043292999267578,1.8873214721679688
DSB Iba1 37_40X_CA1,1.0,1.75,1.2692307692307692,2.2427184466019416,4,3,7,182,1.2406349182128906,1.4169692993164062
DSB Iba1 37_40X_CA3,0.7272727272727273,1.3333333333333333,1.6164383561643836,2.95,6,5,11,146,1.8404960632324219,3.2583236694335938
DSB Iba1 37_40X_CTX1,1.7692307692307692,2.090909090909091,1.6403508771929824,2.2666666666666666,11,2,13,228,2.520465850830078,2.8922080993652344
DSB Iba1 37_40X_CTX2,1.5833333333333333,2.235294117647059,2.2758620689655173,2.6283185840707963,17,7,24,261,5.1082611083984375,6.322193145751953
DSB Iba1 37_40X_CTX3,1.793103448275862,2.3636363636363638,1.4883720930232558,2.115702479338843,22,7,29,172,3.800201416015625,5.6529998779296875
DSB Iba1 37_40X_DG,1.4285714285714286,2.5,1.9118457300275482,2.2904290429042904,4,3,7,362,4.963588714599609,2.9592514038085938
DSB Iba1 38_40X_DG,1.0,1.0,1.276190476190476,1.2884615384615385,4,0,4,105,36.49396896362305,1.7245292663574219
DSB Iba1 39_40X_CA1,1.3333333333333333,2.6666666666666665,0.8125,1.2580645161290323,3,3,6,96,0.7749557495117188,1.2140274047851562
DSB Iba1 39_40X_CA3,0.6,1.0,0.9111111111111111,1.607843137254902,3,2,5,90,1.0321617126464844,1.1082649230957031
DSB Iba1 39_40X_CTX1,0.0,,0.36904761904761907,1.1071428571428572,0,2,2,168,0.4506111145019531,0.3711700439453125
DSB Iba1 39_40X_CTX2,0.4,2.0,0.4,1.1875,1,4,5,190,0.3875732421875,0.34961700439453125
DSB Iba1 39_40X_CTX3,1.0,2.0,0.24503311258278146,1.0277777777777777,1,1,2,151,0.2254486083984375,0.2208709716796875
DSB Iba1 39_40X_DG,1.375,1.5714285714285714,0.7377049180327869,1.3533834586466165,7,1,8,244,1.4722824096679688,1.7183303833007812
DSB Iba1 40_40X_CA1,0.5,1.0,0.363013698630137,1.1041666666666667,2,2,4,146,0.4599571228027344,1.3429641723632812
DSB Iba1 40_40X_CA3,0.625,1.0,0.7272727272727273,1.3333333333333333,5,3,8,88,0.5597114562988281,1.7145156860351562
DSB Iba1 40_40X_CTX1,0.95,1.4615384615384615,0.6645161290322581,1.3376623376623376,13,7,20,155,0.6749153137207031,3.7994384765625
DSB Iba1 40_40X_CTX2,0.8181818181818182,1.8,0.6242038216560509,1.240506329113924,5,6,11,156,0.5100250244140625,3.7548065185546875
DSB Iba1 40_40X_CTX3,1.375,1.5714285714285714,0.6486486486486487,1.2903225806451613,21,3,24,185,0.711822509765625,4.794597625732422
DSB Iba1 40_40X_DG,1.8,2.25,1.189102564102564,1.5142857142857142,4,1,5,311,2.08282470703125,0.7130622863769531
DSB Iba1 41_40X_CA1,0.5,1.0,0.6225165562913907,1.1898734177215189,2,2,4,151,0.7174491882324219,0.4645347595214844
DSB Iba1 41_40X_CA3,0.5,1.0,0.5,1.3513513513513513,2,2,4,100,0.4147529602050781,0.6657600402832031
DSB Iba1 41_40X_CTX1,,,0.0736196319018405,1.0,0,0,0,163,0.066375732421875,0.01621246337890625
DSB Iba1 41_40X_CTX2,0.0,,0.14054054054054055,1.1304347826086956,0,3,3,185,0.07305145263671875,0.2507209777832031
DSB Iba1 41_40X_CTX3,0.6,1.5,0.17857142857142858,1.1904761904761905,2,3,5,140,0.08687973022460938,0.83465576171875
DSB Iba1 41_40X_DG,1.0,1.0,1.0633608815426998,1.413919413919414,6,0,6,363,2.2176742553710938,0.9260177612304688
DSB Iba1 42_40X_CA1,1.3333333333333333,1.3333333333333333,0.41379310344827586,1.1538461538461537,3,0,3,145,0.5374908447265625,0.5733489990234375
DSB Iba1 42_40X_CA3,1.3333333333333333,2.0,0.8058252427184466,1.66,4,2,6,103,0.6807327270507812,0.9168624877929688
DSB Iba1 42_40X_CTX1,1.0,1.5,0.5238095238095238,1.1578947368421053,4,2,6,168,0.4649162292480469,0.74462890625
DSB Iba1 42_40X_CTX2,1.0,1.5,0.5225806451612903,1.2272727272727273,10,5,15,155,0.4080772399902344,1.8243789672851562
DSB Iba1 42_40X_CTX3,1.5,1.875,0.7746478873239436,1.375,8,2,10,142,0.6461143493652344,0.9996414184570312
DSB Iba1 42_40X_DG,1.0,2.0,0.8067010309278351,1.4227272727272726,2,2,4,387,1.3035774230957031,0.9884834289550781
DSB Iba1 43_40X_CA1,0.45454545454545453,1.25,0.31543624161073824,1.0681818181818181,4,7,11,149,0.3113746643066406,3.304767608642578
DSB Iba1 43_40X_CA3,0.7142857142857143,1.25,1.2772277227722773,1.7551020408163265,4,3,7,202,2.048969268798828,5.7796478271484375
DSB Iba1 43_40X_CTX1,2.0714285714285716,2.761904761904762,1.4035874439461884,2.143835616438356,21,7,28,222,1.3188362121582031,12.746238708496094
DSB Iba1 43_40X_CTX2,0.5,1.6666666666666667,0.40096618357487923,1.1857142857142857,6,14,20,207,0.3693580627441406,7.944774627685547
DSB Iba1 43_40X_CTX3,0.9166666666666666,1.2222222222222223,0.9282296650717703,1.7798165137614679,9,3,12,209,0.8925437927246094,7.372093200683594
DSB Iba1 43_40X_DG,2.871794871794872,2.9473684210526314,2.459537572254335,2.7363344051446945,38,1,39,345,3.8147926330566406,16.925048828125
DSB Iba1 44_40X_CA1,1.4193548387096775,1.4666666666666666,1.5036496350364963,1.525925925925926,30,1,31,137,71.6085433959961,45.281124114990234
DSB Iba1 44_40X_CA3,1.1111111111111112,1.1111111111111112,1.7373737373737375,1.7373737373737375,18,0,18,99,81.05602264404297,48.995113372802734
DSB Iba1 44_40X_CTX1,1.0925925925925926,1.0925925925925926,1.3375527426160339,1.3375527426160339,54,0,54,237,83.38785171508789,61.879920959472656
DSB Iba1 44_40X_DG,1.1772151898734178,1.1772151898734178,1.7467248908296944,1.7777777777777777,79,0,79,228,45.105743408203125,39.72511291503906
DSB Iba1 45_40X_CA1,2.0,2.4615384615384617,1.9226190476190477,2.691666666666667,13,3,16,167,1.8074989318847656,6.223964691162109
DSB Iba1 45_40X_CA3,1.6666666666666667,2.5,1.548780487804878,2.4423076923076925,2,1,3,163,1.5021324157714844,5.231571197509766
DSB Iba1 45_40X_CTX1,0.75,1.2857142857142858,0.5304347826086957,1.4352941176470588,7,5,12,230,0.8280754089355469,4.201602935791016
DSB Iba1 45_40X_CTX2,0.8,1.4285714285714286,0.38288288288288286,1.2318840579710144,14,11,25,222,0.4374504089355469,4.376411437988281
DSB Iba1 45_40X_CTX3,0.7647058823529411,1.625,0.4492753623188406,1.3676470588235294,8,9,17,207,0.37746429443359375,3.458404541015625
DSB Iba1 45_40X_DG,2.0454545454545454,2.3684210526315788,2.2536945812807883,2.563025210084034,19,3,22,404,4.353618621826172,7.775020599365234
DSB Iba1 46_40X_CA1,2.303030303030303,2.375,2.9642857142857144,3.0365853658536586,64,2,66,168,48.19374084472656,47.704410552978516
DSB Iba1 46_40X_CA3,2.6666666666666665,3.096774193548387,4.0,4.548387096774194,31,5,36,141,18.149757385253906,31.574440002441406
DSB Iba1 46_40X_CTX1,1.8481012658227849,1.896103896103896,2.973584905660377,3.0076335877862594,77,2,79,265,58.10279846191406,46.372127532958984
DSB Iba1 46_40X_CTX2,1.4807692307692308,1.4951456310679612,2.1114982578397212,2.126315789473684,103,1,104,287,64.41020965576172,51.16119384765625
DSB Iba1 46_40X_CTX3,1.9558823529411764,1.9850746268656716,2.925311203319502,2.98728813559322,67,1,68,241,45.4249382019043,32.654476165771484
DSB Iba1 46_40X_DG,2.129032258064516,2.129032258064516,2.68944099378882,2.6978193146417446,124,0,124,320,52.95248031616211,56.203651428222656
DSB Iba1 47_40X_CA1,1.1176470588235294,1.9,1.4210526315789473,2.475,10,7,17,209,3.0524253845214844,6.558036804199219
DSB Iba1 47_40X_CA3,2.1176470588235294,2.769230769230769,4.093023255813954,4.888888888888889,13,4,17,172,5.192661285400391,8.901691436767578
DSB Iba1 47_40X_CTX1,0.6111111111111112,1.6923076923076923,0.6153846153846154,1.5539568345323742,13,23,36,351,0.7054328918457031,5.655956268310547
DSB Iba1 47_40X_CTX2,2.6486486486486487,2.7222222222222223,3.01423487544484,3.2452107279693485,72,2,74,281,18.903064727783203,30.04922866821289
DSB Iba1 47_40X_CTX3,1.7027027027027026,2.032258064516129,1.6936936936936937,2.065934065934066,31,6,37,222,5.331134796142578,14.159202575683594
DSB Iba1 47_40X_DG,4.75,4.75,3.888888888888889,3.9820359281437128,16,0,16,341,22.7813720703125,13.895225524902344
DSB Iba1 48_40X_CA1,1.4285714285714286,1.6666666666666667,1.1333333333333333,1.5813953488372092,6,1,7,120,0.7757186889648438,3.3704757690429688
DSB Iba1 48_40X_CA3,1.25,1.25,0.6195652173913043,1.425,4,0,4,92,0.5895614624023438,2.537250518798828
DSB Iba1 48_40X_CTX1,0.9428571428571428,1.5714285714285714,0.691304347826087,1.2619047619047619,21,14,35,230,0.8686065673828125,4.6924591064453125
DSB Iba1 48_40X_CTX2,1.0,1.6,0.7406015037593985,1.2547770700636942,15,9,24,266,1.1111259460449219,3.7866592407226562
DSB Iba1 48_40X_CTX3,1.0,1.5384615384615385,0.7831858407079646,1.3208955223880596,13,7,20,226,1.1597633361816406,3.5945892333984375
DSB Iba1 48_40X_DG,1.1538461538461537,1.875,1.7268041237113403,2.0743034055727554,8,5,13,386,2.8412818908691406,5.111885070800781
DSB Iba1 49_40X_CA1,2.176470588235294,2.176470588235294,2.5515151515151517,2.647798742138365,17,0,17,164,44.43187713623047,8.189868927001953
DSB Iba1 49_40X_CA3,0.625,1.6666666666666667,2.7868852459016393,4.594594594594595,6,10,16,122,4.161643981933594,6.575107574462891
DSB Iba1 49_40X_CTX1,1.25,1.4285714285714286,1.6125,1.7793103448275862,14,2,16,160,35.48917770385742,8.087635040283203
DSB Iba1 49_40X_CTX2,1.7777777777777777,2.1333333333333333,1.7382198952879582,1.9080459770114941,15,3,18,191,37.35837936401367,6.462860107421875
DSB Iba1 49_40X_CTX3,0.5882352941176471,1.1111111111111112,1.2014388489208634,2.0365853658536586,9,8,17,139,2.4756431579589844,2.4949073791503906
DSB Iba1 49_40X_DG,2.0,2.0,2.992957746478873,3.0249110320284696,28,0,28,284,54.27255630493164,14.119243621826172
DSB Iba1 50_40X_CA1,0.15384615384615385,1.0,0.18666666666666668,1.2173913043478262,2,11,13,150,0.09756088256835938,4.873561859130859
DSB Iba1 50_40X_CA3,0.1111111111111111,1.0,0.47580645161290325,1.3409090909090908,1,8,9,124,0.5349159240722656,3.8484573364257812
DSB Iba1 50_40X_CTX1,0.0,,0.015748031496062992,1.0,0,24,24,254,0.0278472900390625,6.2290191650390625
DSB Iba1 50_40X_CTX2,0.14285714285714285,1.0,0.18067226890756302,1.1025641025641026,2,12,14,238,0.23012161254882812,5.149269104003906
DSB Iba1 50_40X_CTX3,0.6451612903225806,1.4285714285714286,0.7905759162303665,1.4245283018867925,14,17,31,191,1.0915756225585938,5.641460418701172
DSB Iba1 50_40X_DG,0.4666666666666667,1.1666666666666667,0.343811394891945,1.1513157894736843,6,9,15,505,0.46234130859375,5.594158172607422
DSB Iba1 51_40X_CA1,0.6,1.8,0.375,1.148936170212766,5,10,15,144,0.4143714904785156,6.222438812255859
DSB Iba1 51_40X_CA3,1.0,1.6,0.811965811965812,1.484375,5,3,8,117,0.7281303405761719,6.045722961425781
DSB Iba1 51_40X_CTX1,0.3888888888888889,1.75,0.2876712328767123,1.2,4,14,18,146,0.27790069580078125,4.617595672607422
DSB Iba1 51_40X_CTX2,0.3333333333333333,1.1428571428571428,0.22272727272727272,1.0425531914893618,7,17,24,220,0.2605438232421875,7.056903839111328
DSB Iba1 51_40X_CTX3,0.6153846153846154,1.3333333333333333,0.4530386740331492,1.28125,12,14,26,181,0.4462242126464844,9.714698791503906
DSB Iba1 51_40X_DG,0.8181818181818182,1.3846153846153846,0.8927613941018767,1.3875,13,9,22,371,1.5252113342285156,6.879520416259766
DSB Iba1 52_40X_CA1,1.2,1.2,0.3939393939393939,1.1304347826086956,5,0,5,132,0.27561187744140625,5.399608612060547
DSB Iba1 52_40X_CA3,1.0,1.4,0.6122448979591837,1.5,5,2,7,98,0.4342079162597656,4.315376281738281
DSB Iba1 52_40X_CTX1,0.34782608695652173,2.0,0.2903225806451613,1.44,4,19,23,124,0.11873245239257812,7.786273956298828
DSB Iba1 52_40X_CTX2,0.6451612903225806,1.25,0.5,1.2253521126760563,16,15,31,174,0.3239631652832031,10.270881652832031
DSB Iba1 52_40X_CTX3,0.5384615384615384,1.4,0.5257731958762887,1.3421052631578947,10,16,26,194,0.4559516906738281,10.033130645751953
DSB Iba1 52_40X_DG,0.875,1.5555555555555556,0.5926966292134831,1.2057142857142857,9,7,16,356,0.7616043090820312,7.4222564697265625
DSB Iba1 53_40X_CA1,2.0,2.0,3.311111111111111,4.110344827586207,6,0,6,179,4.520511627197266,2.5342941284179688
DSB Iba1 53_40X_CA3,1.3333333333333333,1.6,3.736196319018405,4.413043478260869,5,1,6,163,6.536006927490234,2.4756431579589844
DSB Iba1 53_40X_CTX1,1.9583333333333333,2.1363636363636362,2.0488721804511276,2.6201923076923075,22,2,24,266,3.6905288696289062,7.878398895263672
DSB Iba1 53_40X_CTX2,2.0,2.260869565217391,1.755,2.279220779220779,23,3,26,200,3.6052703857421875,7.045269012451172
DSB Iba1 53_40X_CTX3,1.7692307692307692,2.5555555555555554,1.818840579710145,2.436893203883495,9,4,13,138,3.4102439880371094,5.187797546386719
DSB Iba1 53_40X_DG,1.8333333333333333,1.9411764705882353,3.3607142857142858,3.6053639846743293,17,1,18,280,10.100555419921875,3.4300804138183594
DSB Iba1 54_40X_CA1,1.4,1.75,0.5692307692307692,1.2982456140350878,4,1,5,130,0.5602836608886719,2.426910400390625
DSB Iba1 54_40X_CA3,1.3333333333333333,1.3333333333333333,1.062992125984252,1.588235294117647,3,0,3,127,1.2754440307617188,1.7024993896484375
DSB Iba1 54_40X_CTX1,0.6,1.2,0.6907216494845361,1.4565217391304348,5,5,10,194,0.823211669921875,4.989528656005859
DSB Iba1 54_40X_CTX2,1.0,1.6666666666666667,0.7251461988304093,1.3777777777777778,6,4,10,171,0.7739067077636719,3.8888931274414062
DSB Iba1 54_40X_CTX3,1.2,1.8461538461538463,0.7797619047619048,1.4719101123595506,13,7,20,168,0.8355140686035156,5.550861358642578
DSB Iba1 54_40X_DG,0.7692307692307693,1.4285714285714286,1.2145110410094637,1.6041666666666667,7,6,13,317,1.9334793090820312,3.528308868408203
DSB Iba1 55_40X_CA1,0.42857142857142855,1.0,0.49612403100775193,1.2075471698113207,3,4,7,129,0.495147705078125,1.7773628234863281
DSB Iba1 55_40X_CA3,0.6666666666666666,1.0,0.6210526315789474,1.5526315789473684,2,1,3,95,0.4197120666503906,1.8725395202636719
DSB Iba1 55_40X_CTX1,0.125,1.0,0.05343511450381679,1.0,1,7,8,131,0.03185272216796875,1.2282371520996094
DSB Iba1 55_40X_CTX2,0.6666666666666666,1.5,0.7847222222222222,1.3950617283950617,4,5,9,144,0.611114501953125,3.083038330078125
DSB Iba1 55_40X_CTX3,0.0,,0.18823529411764706,1.3333333333333333,0,6,6,85,0.09374618530273438,0.5826950073242188
DSB Iba1 55_40X_DG,0.7272727272727273,1.3333333333333333,0.8403990024937655,1.3534136546184738,6,5,11,400,1.6141891479492188,2.5461196899414062
DSB Iba1 56_40X_CA1,1.0,1.8571428571428572,0.5095541401273885,1.2121212121212122,7,6,13,157,0.609588623046875,4.4521331787109375
DSB Iba1 56_40X_CA3,0.4166666666666667,1.6666666666666667,0.6515151515151515,1.5636363636363637,3,9,12,132,0.5918502807617188,4.6245574951171875
DSB Iba1 56_40X_CTX1,0.9523809523809523,1.6666666666666667,0.5056179775280899,1.2328767123287672,12,9,21,178,0.4897117614746094,5.2585601806640625
DSB Iba1 56_40X_CTX2,0.782608695652174,1.2857142857142858,0.33884297520661155,1.1232876712328768,14,9,23,242,0.3222465515136719,5.3241729736328125
DSB Iba1 56_40X_CTX3,0.2777777777777778,1.1111111111111112,0.3351063829787234,1.2115384615384615,9,27,36,188,0.2533912658691406,4.150867462158203
DSB Iba1 56_40X_DG,1.1875,1.9,0.7286063569682152,1.4396135265700483,10,6,16,406,0.9902000427246094,5.023097991943359
DSB Iba1 57_40X_CA1,0.9090909090909091,1.4285714285714286,2.1621621621621623,3.7383177570093458,7,4,11,185,1.7914772033691406,2.201366424560547
DSB Iba1 57_40X_CA3,1.375,1.8333333333333333,4.255952380952381,5.458015267175573,6,2,8,168,6.385135650634766,4.8095703125
DSB Iba1 57_40X_CTX1,1.4285714285714286,1.6666666666666667,0.36981132075471695,1.3611111111111112,12,2,14,265,0.3266334533691406,2.260112762451172
DSB Iba1 57_40X_CTX2,0.75,1.125,0.35714285714285715,1.3013698630136987,8,4,12,266,0.44574737548828125,1.4965057373046875
DSB Iba1 57_40X_CTX3,0.5454545454545454,1.2,0.19072164948453607,1.15625,5,6,11,194,0.14390945434570312,1.3064384460449219
DSB Iba1 57_40X_DG,1.1071428571428572,1.7222222222222223,1.8514285714285714,2.793103448275862,18,10,28,350,2.986621856689453,5.2936553955078125
DSB Iba1 58_40X_CA1,1.25,1.6666666666666667,0.6528925619834711,1.2153846153846153,3,1,4,121,0.6536483764648438,2.0615577697753906
DSB Iba1 58_40X_CA3,0.6666666666666666,1.0,0.8761061946902655,1.4776119402985075,4,2,6,113,0.7616043090820312,1.9183158874511719
DSB Iba1 58_40X_CTX1,1.1764705882352942,1.8181818181818181,0.5886524822695035,1.3174603174603174,11,6,17,141,0.49266815185546875,4.450321197509766
DSB Iba1 58_40X_CTX2,1.1875,1.5833333333333333,0.837696335078534,1.4678899082568808,12,4,16,191,0.8916854858398438,2.5277137756347656
DSB Iba1 58_40X_CTX3,1.0,1.5,0.5677083333333334,1.3132530120481927,4,2,6,192,0.553131103515625,0.5662918090820312
DSB Iba1 58_40X_DG,1.5,1.5,0.7709677419354839,1.2780748663101604,2,0,2,310,1.1504173278808594,1.5165328979492188
DSB Iba1 59_40X_CA1,0.8,1.0,0.6390532544378699,1.2413793103448276,4,1,5,169,0.9168624877929688,3.5394668579101562
DSB Iba1 59_40X_CA3,0.8,1.3333333333333333,0.45,1.25,3,2,5,100,0.3584861755371094,2.4675369262695312
DSB Iba1 59_40X_CTX1,0.7777777777777778,1.75,0.6515151515151515,1.2169811320754718,4,5,9,198,0.8263587951660156,3.9608001708984375
DSB Iba1 59_40X_CTX2,0.6,1.0909090909090908,0.4041095890410959,1.2040816326530612,11,9,20,146,0.3554344177246094,6.726360321044922
DSB Iba1 59_40X_CTX3,0.6956521739130435,1.4545454545454546,0.4962962962962963,1.2407407407407407,11,12,23,135,0.322723388671875,5.142498016357422
DSB Iba1 59_40X_DG,1.5,1.8,0.9853372434017595,1.360323886639676,5,1,6,341,2.1181106567382812,3.248310089111328
